,filename,xmin,ymin,xmax,ymax,points
0,AK_BrooksCamp_2012/,-17347360,8065364,-17321558,8091166,529285317
1,AK_Coastal_2009/,-15730544,10937407,-15691854,10976097,55711772
2,AK_DeltaJunction_1_2021/,-16360095,9205564,-16067911,9497748,19036249620
3,AK_Fairbanks-NSBorough_2010/,-16471700,9519129,-16381190,9609639,1266097458
4,AK_GlacierBay_4_2019/,-15402369,7986381,-15085247,8303503,23016813926
5,AK_GlacierBay_B3_2019/,-15336540,7982973,-15104422,8215091,10887933191
6,AK_Juneau_2012/,-15014449,8012267,-14943073,8083643,2211557952
7,AK_Kenai_2008/,-16906356,8303726,-16570284,8639798,14054081685
8,AK_MatanuskaSusitna-Lot1_2011/,-16782341,8663224,-16678201,8767364,4988109681
9,AK_MatanuskaSusitna-Lot2_2011/,-16768328,8706126,-16390088,9084366,41053208083
10,AK_NomeCreek_2010/,-16391082,9681153,-16348578,9723657,94592518
11,AK_NorthSlope_B10_2018/,-18152228,10978280,-18139030,10991478,148956845
12,AK_NorthSlope_B11_2018/,-18571233,10544583,-18557621,10558195,122307792
13,AK_NorthSlope_B12_2018/,-16905696,10474287,-16872158,10507825,1334154425
14,AK_NorthSlope_B13_2018/,-18156267,10971456,-18129745,10997978,257243550
15,AK_NorthSlope_B14_2018/,-18572778,10488876,-18475800,10585854,873026233
16,AK_NorthSlope_B1_2018/,-15990539,11105651,-15983447,11112743,65787971
17,AK_NorthSlope_B2_2018/,-16816671,11131304,-16801711,11146264,298602840
18,AK_NorthSlope_B3_2018/,-17624395,11221392,-17308565,11537222,1425929011
19,AK_NorthSlope_B4_2018/,-17818846,11272822,-17806160,11285508,245802864
20,AK_NorthSlope_B5_2018/,-16002250,11095749,-15985036,11112963,105090115
21,AK_NorthSlope_B6_2018/,-16819308,10987385,-16504630,11302063,1130865095
22,AK_NorthSlope_B7_2018/,-17615692,11209724,-17315734,11509682,1936889647
23,AK_NorthSlope_B8_2018/,-17834433,11247373,-17782965,11298841,767769101
24,AK_NorthSlope_B9_2018/,-16896611,10483668,-16885307,10494972,338421753
25,AK_ValdezB_2007/,-16324046,8607668,-16242942,8688772,1068352809
26,AK_Valdez_2007/,-16324097,8595907,-16243073,8676931,798336818
27,AK_YukonFlats_2009/,-16355534,9810051,-16124550,10041035,968643215
28,AL_25Co_TL_2017/,-9738245,3679488,-9583993,3833740,25358618
29,AL_BaldwinCo-East_2011/,-9769660,3541928,-9711848,3599740,1761346914
30,AL_BaldwinCo-West_2011/,-9806543,3585333,-9776607,3615269,583915920
31,AL_BlountCo_2010/,-9680980,3993429,-9606762,4067647,6784747694
32,AL_ColbertLauderdale_2011/,-9819698,4079099,-9707786,4191011,8415951101
33,AL_NorthAL_2019/,-9680134,4083753,-9599032,4164855,17049074343
34,AL_TriCounty_2010/,-9638897,3908730,-9519967,4027660,14056469697
35,AR-TN_NRCS_CaneCreek_2010/,-9988653,4246921,-9955677,4279897,2020907672
36,AR-TN_NRCS_Sharkey_2010/,-10049752,4228773,-9967132,4311393,4552390775
37,ARRA-AK_EkluntaGlacier_2010/,-16603766,8652921,-16555184,8701503,222033349
38,ARRA-AL_MobileBay_2010/,-9800749,3540495,-9727125,3614119,2967270338
39,ARRA-AL_TennesseeRiver_2010/,-9938965,3832734,-9704069,4067630,1100765751
40,ARRA-CA_CentralCoast-Z3_2010/,-13621084,4395815,-13528984,4487915,3288590995
41,ARRA-CA_CentralCoast-Z4_2010/,-13590521,4270733,-13426673,4434581,5161164938
42,ARRA-CA_ChannelIslands-10_2010/,-13411348,3998023,-13353676,4055695,2031643056
43,ARRA-CA_ChannelIslands-11_2010/,-13387398,3928047,-13248460,4066985,4146924496
44,ARRA-CA_GoldenGate_2010/,-13720506,4498165,-13585440,4633231,8777987577
45,ARRA-CA_SanFranCoast_2010/,-13694835,4483742,-13569237,4609340,2215580200
46,ARRA-CO_GrandCo_2010/,-11840024,4792671,-11722632,4910063,4332851582
47,ARRA-FL_Charlotte-E_2010/,-9084779,3094427,-9065857,3113349,368962146
48,ARRA-FL_Charlotte-W_2010/,-9103062,3096199,-9078994,3120267,693122831
49,ARRA-FL_KissimmeeRiver_2011/,-9070581,3171193,-9005243,3236531,2209333352
50,ARRA-FL_LibertyCo_2010/,-9503474,3502055,-9421760,3583769,2068638919
51,ARRA-FL_SuwanneeRiver_2011/,-9287698,3494213,-9178522,3603389,8440057507
52,ARRA-FL_UpperStJohnsRiver_2010/,-9052187,3260141,-8963359,3348969,5191557888
53,ARRA-GA_LakeLanier_2010/,-9372429,4041232,-9249099,4164562,12898552218
54,ARRA-IL_LakeCo_2007/,-9819590,5183551,-9767344,5235797,1591643151
55,ARRA-IN_Flood_2010/,-9854076,4700309,-9437696,5116689,1458049728
56,ARRA-LA_Coastal-Z15_2011/,-10256615,3323972,-10045421,3535166,2516760598
57,ARRA-LA_Coastal-Z16_2011/,-10051791,3363098,-9878065,3536824,3227227049
58,ARRA-LFTNE_ConnecticutZ18_2010/,-8207630,5002650,-8135274,5075006,1619446898
59,ARRA-LFTNE_ConnecticutZ19_2011/,-8052420,5056933,-7945012,5164341,1149839529
60,ARRA-LFTNE_Massachusetts_2011/,-7994982,5082966,-7782402,5295546,18400553200
61,ARRA-LFTNE_NewHampshire_2011/,-7957116,5263348,-7850314,5370150,3175802318
62,ARRA-LFTNE_NewYork_2010/,-8300763,4949772,-8136371,5114164,1932340599
63,ARRA-LFTNE_RhodeIsland_2011/,-8025923,5033699,-7893883,5165739,9901691046
64,ARRA-MI_4SECounties_2010/,-9382114,5117073,-9158558,5340629,8441775902
65,ARRA-MI_LowerPeninsula_2010/,-9404803,5382538,-9239453,5547888,1964334277
66,ARRA-MI_TriCounty_2010/,-9474180,5221561,-9363550,5332191,6090068838
67,ARRA-MO_StoneCo_2010/,-10429484,4387734,-10378058,4439160,1926491853
68,ARRA-NE_PlatteRiver_2010/,-11583929,5118323,-11517235,5185017,1139155583
69,ARRA-NJ_3Counties_2010/,-8361710,4763035,-8222262,4902483,8724071951
70,ARRA-NRCS_Illinois_2010/,-10002136,4721425,-9965780,4757781,589896031
71,ARRA-NRCS_Kentucky_2010/,-9747480,4405183,-9715976,4436687,1792838311
72,ARRA-OR_SandyRiver_2010/,-13628527,5678143,-13592347,5714323,1530456117
73,ARRA-SC_AllendaleCo_2010/,-9085925,3858960,-9025957,3918928,3945911383
74,ARRA-SC_BambergCo_2010/,-9047051,3897147,-8988537,3955661,2586155828
75,ARRA-SC_HamptonCo_2010/,-9065706,3832721,-8996934,3901493,5507032583
76,ARRA-SC_LeeCo_2010/,-8960936,4021649,-8903654,4078931,2972859849
77,ARRA-TN_SmokyMtns_2011/,-9354666,4201978,-9250230,4306414,3750300767
78,ARRA-TX_CalhounCo_2010/,-10798667,3257020,-10714135,3341552,709386374
79,ARRA-TX_HidalgoCo_2010/,-10971530,3011182,-10892232,3090480,1053503931
80,ARRA-TX_NuecesCo_2010/,-10903020,3170733,-10802720,3271033,1299260404
81,ARRA-TX_WilacyCo_2010/,-10910655,3016365,-10822833,3104187,693154866
82,ARRA-WI_BrownCo_2010/,-9830659,5502714,-9762415,5570958,2109719630
83,AR_BuffaloRiver_2009/,-10380555,4299615,-10352711,4327459,1799213183
84,AR_BuffaloRiver_2010/,-10402037,4247358,-10282765,4366630,3574217153
85,AR_Dardanelle_2011/,-10446675,4195165,-10406949,4234891,487044329
86,AR_FEMA-ChicotDesha_2011/,-10264448,3894552,-10098570,4060430,6429732777
87,AR_FEMA-VI-BayouMeto_2012/,-10272804,4077758,-10176936,4173626,1574624597
88,AR_LowerStFrancisRiver-FEMA_2012/,-10121457,4252519,-9999223,4374753,3788850988
89,AR_McKinneyPosten_2011/,-10445617,3961795,-10430075,3977337,130198626
90,AR_PAgis_2010/,-10326515,4093951,-10249255,4171211,4575092204
91,AR_UpperBlackWatershed-FEMA_2012/,-10104451,4334309,-10069527,4369233,261648865
92,AR_UpperWhiteVillage-FEMA_2012/,-10182080,4218633,-10144234,4256479,258933093
93,AZ_AubreyCherry_1_2020/,-12615590,4101752,-12435056,4282286,47637472186
94,AZ_Black_Mesa_CoalMine_2012/,-12305452,4350695,-12270078,4386069,1387580652
95,AZ_BrawleyRillito_TL_2018/,-12468418,3703535,-12358244,3813709,2012169181
96,AZ_Cochise-FEMA_2012/,-12212387,3666878,-12185605,3693660,681234254
97,AZ_CochiseCounty_1_2020/,-12428449,3649299,-12296511,3781237,69840833564
98,AZ_CochiseCounty_2_2020/,-12293471,3810968,-12217029,3887410,27794413650
99,AZ_CochiseCounty_3_2020/,-12302668,3674657,-12156306,3821019,135984057963
100,AZ_Coconino_B1_2019/,-12493181,4097838,-12355423,4235596,55223690056
101,AZ_FEMA_Central_2017/,-12422611,3942940,-12407837,3957714,512114526
102,AZ_FEMA_East_2017/,-12530094,3675988,-12116116,4089966,57603895833
103,AZ_LowerColoradoRiver_B1_2018/,-12832760,4191235,-12594172,4429823,20245911805
104,AZ_LowerColoradoRiver_B2_2018/,-12879605,3826305,-12513727,4192183,41403044491
105,AZ_MaricopaPinal_1_2020/,-12555543,3833170,-12363849,4024864,249923645502
106,AZ_MohaveCo_1_2021/,-12819909,4113896,-12626953,4306852,11374784451
107,AZ_MohaveCo_2_2021/,-12711559,4111401,-12598483,4224477,1250826759
108,AZ_NavajoCorridor_1_2020/,-12329682,4123300,-12253164,4199818,3662966237
109,AZ_NorthKaibabNF_B1_2019/,-12544006,4336736,-12449730,4431012,54617434562
110,AZ_OrganPipeCactusNM_1_2020/,-12588909,3737623,-12535161,3791371,22802964877
111,AZ_SanCarlosReservation_2013/,-12233799,3939340,-12216767,3956372,2878839278
112,AZ_Tucson_2011/,-12417461,3722859,-12280261,3860059,8489218500
113,AZ_USFS_3DEP_Processing_2019/,-12614432,3717376,-11941728,4390080,116053962823
114,CA_AlamedaCo_2006/,-11770929,4840238,-11767223,4843944,2910147
115,CA_AlamedaCo_2_2021/,-13624196,4501616,-13564118,4561694,26097078802
116,CA_CalaverasTuolumne_2011/,-13469941,4526002,-13373915,4622028,16524444596
117,CA_CarrHirzDeltaFires_1_2019/,-13775240,4909838,-13617194,5067884,178322998175
118,CA_CarrHirzDeltaFires_2_2019/,-13663989,4902862,-13492255,5074596,205437066934
119,CA_ContraCostaCo_2007/,-13583567,4547199,-13535733,4595033,6168983
120,CA_DayFire_2007/,-13250846,4083496,-13201376,4132966,11428994376
121,CA_FEMAR9Estrella_2019/,-13475705,4157536,-13307393,4325848,13569325859
122,CA_FEMAR9Fresno_1_2019/,-13432838,4371041,-13347268,4456611,8691008794
123,CA_FEMAR9Fresno_2_2019/,-18526410,-769376,-8124362,9632672,12672441896
124,CA_FEMAR9PanocheSanLuis_2019/,-13473346,4348284,-13414292,4407338,4616255308
125,CA_FEMA_Z1_2018/,-13759579,4848966,-13500085,5108460,5468602112
126,CA_FEMA_Z4_B1_2018/,-13604296,4318487,-13422432,4500351,46246018795
127,CA_FEMA_Z4_B2_2018/,-13570845,4157019,-13379863,4348001,56736178128
128,CA_FEMA_Z4_QL1_2018/,-13458345,4324185,-13440151,4342379,588139151
129,CA_LassenNP_2020/,-13530341,4925253,-13496407,4959187,4642900288
130,CA_LowerBearCreek_2020/,-13452168,4447860,-13381286,4518742,2225982767
131,CA_MountainPass_B1_2019/,-12920531,4137625,-12754373,4303783,47823398674
132,CA_NoCAL_Wildfires_TL_QL1_2018/,-13545279,4782892,-13497535,4830636,301172826
133,CA_NoCAL_Wildfires_TL_QL2_2018/,-13833397,4532182,-13357535,5008044,4849990608
134,CA_OrangeCo_2011/,-13151931,3951836,-13079627,4024140,6325827165
135,CA_PlacerCo_2012/,-13512406,4649504,-13357014,4804896,4961233219
136,CA_SaltonSea_2010/,-12930243,3901069,-12858611,3972701,7150136823
137,CA_SantaClaraCounty_2020/,-13609013,4404918,-13487521,4526410,170420824394
138,CA_SantaCruzCounty_2020/,-13617757,4406328,-13540461,4483624,41808461973
139,CA_Scripps-Apr_2004/,-13119734,3873880,-13036246,3957368,186415844
140,CA_Scripps-Apr_2005/,-13178950,3837323,-13018426,3997847,422432488
141,CA_Scripps-Dec_2002/,-13121128,3873238,-13036268,3958098,121703264
142,CA_Scripps-Mar_2003/,-13120307,3873675,-13036165,3957817,126916578
143,CA_Scripps-Mar_2006/,-13181565,3830458,-13014187,3997836,401726948
144,CA_Scripps-May_2002/,-13119610,3873810,-13035300,3958120,126671805
145,CA_Scripps-Oct_2003/,-13158204,3830751,-13010046,3978909,214541866
146,CA_Scripps-Oct_2005/,-13180262,3833549,-13016250,3997561,530317000
147,CA_Scripps-Sep_2002/,-13122747,3874444,-13036569,3960622,165137184
148,CA_Scripps-Sep_2004/,-13179598,3835599,-13017394,3997803,501546868
149,CA_UpperSouthAmerican_Eldorado_2019/,-13547690,4501273,-13332904,4716059,278540573208
150,CO_ArkansasValley_2010/,-11904580,4599366,-11722618,4781328,5938170231
151,CO_CentralEasternPlains_1_2020/,-11546070,4744243,-11358496,4931817,55761902351
152,CO_CentralEasternPlains_2_2020/,-11585454,4538047,-11358334,4765167,32115753196
153,CO_DRCOG_1_2020/,-11766727,4834906,-11698903,4902730,19912349351
154,CO_DRCOG_2_2020/,-11750922,4747121,-11592240,4905803,39372539042
155,CO_DRCOG_3_2020/,-11879530,4799673,-11692698,4986505,58382624205
156,CO_DenverDNC_2008/,-11724341,4783807,-11630695,4877453,6429604054
157,CO_Denver_2008/,-11724341,4783807,-11630695,4877453,4224285688
158,CO_Eastern_B1_2018/,-11682481,4886383,-11517453,5051411,24255518161
159,CO_Eastern_B2_QL1_Central_2018/,-11672694,4829188,-11641506,4860376,2295491973
160,CO_Eastern_B2_QL2_Central_2018/,-11684017,4764307,-11657271,4791053,1024996619
161,CO_Eastern_B2_QL2_North_2018/,-11678405,4797138,-11517461,4958082,20957276127
162,CO_Eastern_B3_2018/,-11651193,4693403,-11482925,4861671,29565039389
163,CO_Eastern_B4_2018/,-11583121,4640975,-11483895,4740201,14370321066
164,CO_Eastern_B5_2018/,-11695280,4498698,-11510104,4683874,24651034909
165,CO_Eastern_B6_2018/,-11752773,4436714,-11606345,4583142,25382981671
166,CO_Eastern_ElPaso_2018/,-11696762,4639625,-11581730,4754657,19779340111
167,CO_Eastern_North_Priority_2018/,-11682415,4837931,-11522205,4998141,1214524712
168,CO_Eastern_South_Priority2_2018/,-11727743,4478778,-11652623,4553898,6056552167
169,CO_NESEColorado_1_2019/,-11510558,4541323,-11359336,4692545,10824760393
170,CO_NESEColorado_2_2019/,-11616236,4436841,-11471416,4581661,41310716913
171,CO_NESEColorado_3_2019/,-11489783,4437974,-11343481,4584276,41873464471
172,CO_NESEColorado_4_2019/,-11530831,4870303,-11360121,5041013,47544723148
173,CO_San-Luis-Valley_2011/,-11865680,4438025,-11698122,4605583,18589903247
174,CO_SanLuisJuanMiguel_1_2020/,-11801733,4417874,-11705645,4513962,14362040017
175,CO_SanLuisJuanMiguel_2_2020/,-11964549,4623599,-11794023,4794125,28590791063
176,CO_SanLuisJuanMiguel_3_2020/,-11980275,4436869,-11778307,4638837,48050246218
177,CO_SanLuisJuanMiguel_4_2020/,-12066554,4547297,-11932818,4681033,16884164275
178,CO_SanLuisJuanMiguel_5_2020/,-12145607,4553891,-12018307,4681191,44622737361
179,CO_Southwest_NRCS_B1_2018/,-12140441,4380106,-11897477,4623070,46020121049
180,CO_Southwest_NRCS_B2_2018/,-12066019,4477905,-11908577,4635347,62785474729
181,CO_Southwest_NRCS_B3_2018/,-12063686,4375801,-11851610,4587877,72933186796
182,CO_Southwest_NRCS_TL_2018/,-12140481,4353627,-11905293,4588815,34218484286
183,CO_UpperColorado_Hydroflattened_2020/,-11969787,4648085,-11730103,4887769,6427005630
184,CO_UpperColorado_Topobathy_1_2020/,-11969787,4648085,-11730103,4887769,6427005630
185,CO_WestCentral_2019/,-12021315,4584847,-11814971,4791191,100975650743
186,CT_Statewide_B1_2016/,-8208574,4982121,-8092404,5098291,10828712358
187,CT_Statewide_B2_2016/,-8092424,5018055,-7990694,5119785,10385920008
188,CT_Statewide_B3_2016/,-8187799,5041877,-8092383,5137293,8575205954
189,CT_Statewide_B4_2016/,-8092392,5061435,-7990328,5163499,5164571322
190,CT_Statewide_B5_2016/,-8185138,5078466,-8092360,5171244,8397546759
191,CT_Statewide_B6_2016/,-8092372,5097146,-7991030,5198488,5929558225
192,CT_Statewide_B7_2016/,-8183333,5110514,-8092345,5201502,7157614145
193,FL_CharlotteCounty_2007/,-9169596,3059567,-9079122,3150041,1338575605
194,FL_ClayPutnam_2007/,-9146586,3418808,-9035510,3529884,6312727189
195,FL_DuvalCo_2007/,-9135441,3509122,-9057833,3586730,5276338808
196,FL_Elgin_2006-2008/,-9609495,3562883,-9586185,3586193,859586622
197,FL_EscambiaCo_2006/,-9758757,3538483,-9663447,3633793,1403952287
198,FL_Everglades_N_2017/,-9035740,2918662,-8960260,2994142,56955000608
199,FL_Everglades_S_2017/,-9020204,2884370,-8953850,2950724,69956707513
200,FL_FlaglerCo_2004/,-9073296,3416733,-9028176,3461853,334091829
201,FL_FranklinCo_2007/,-9602960,3449192,-9369786,3682366,7859303554
202,FL_Gulf_2007/,-9523917,3457785,-9449557,3532145,8250884364
203,FL_HerbHooverDike_2007/,-9053159,3030661,-8920057,3163763,6423962557
204,FL_HillsboroughCo-Lot2_2011/,-9202888,3226426,-9149288,3280026,1922492641
205,FL_HillsboroughCo_2007/,-9204615,3204591,-9145763,3263443,3678461552
206,FL_HurricaneMichael_1_2020/,-9432423,3474266,-9329881,3576808,51468529326
207,FL_HurricaneMichael_2_2020/,-9360078,3544362,-9313758,3590682,24780264261
208,FL_HurricaneMichael_3_2020/,-9489700,3450303,-9344670,3595333,83448943893
209,FL_HurricaneMichael_4_2020/,-9428908,3528741,-9349382,3608267,53176875413
210,FL_IndianRiver_2007/,-8977054,3192424,-8937180,3232298,1804367703
211,FL_JeffersonCo-North_2007/,-9360998,3538821,-9305116,3594703,4759764972
212,FL_LeeCounty_2007/,-9159302,3027029,-9079122,3107209,7730920296
213,FL_LeonCo_2009/,-9430548,3524205,-9348230,3606523,2517945713
214,FL_ManateeCo_2007/,-9214527,3164180,-9157773,3220934,1050836849
215,FL_NWFWMD_5-Counties_2007/,-9578282,3513357,-9442978,3648661,6493198210
216,FL_NassauCo_2007/,-9114459,3541515,-9065011,3590963,752155169
217,FL_OkaloosaCo_2007/,-9662115,3538479,-9614223,3586371,1563171538
218,FL_OkaloosaCo_2008/,-9680373,3551712,-9598813,3633272,3114230037
219,FL_Panhandle_TL_2018/,-9595278,3575816,-9482054,3689040,447576949
220,FL_PascoCo_2007/,-9229940,3270225,-9196774,3303391,240823905
221,FL_PascoCo_2011/,-9213297,3254982,-9151079,3317200,1913209267
222,FL_Peninsular_FDEM_Charlotte_2018/,-9171222,3063877,-9079012,3156087,40901859495
223,FL_Peninsular_FDEM_Clay_2018/,-9140733,3465970,-9076831,3529872,59898134357
224,FL_Peninsular_FDEM_Desoto_2018/,-9135459,3118653,-9078873,3175239,41651123727
225,FL_Peninsular_FDEM_Duval_2018/,-9135440,3509802,-9057838,3587404,61009511038
226,FL_Peninsular_FDEM_Glades_2018/,-9080549,3083575,-9003583,3160541,43048696757
227,FL_Peninsular_FDEM_Hendry_2018/,-9080394,3024544,-9001970,3102968,56613215800
228,FL_Peninsular_FDEM_IndianRiver_2018/,-8975836,3194180,-8939430,3230586,8660695141
229,FL_Peninsular_FDEM_KeyBiscayne_2020/,-8926591,2958454,-8921443,2963602,153706103
230,FL_Peninsular_FDEM_Manatee_2018/,-9212771,3138481,-9135447,3215805,38779724728
231,FL_Peninsular_FDEM_Martin_2018/,-8983059,3102235,-8913035,3172259,25208731871
232,FL_Peninsular_FDEM_Nassau_2018/,-9135539,3539700,-9063309,3611930,54683282914
233,FL_Peninsular_FDEM_Orange_2018/,-9090267,3287909,-9024205,3353971,51845942863
234,FL_Peninsular_FDEM_PalmBeach_2019/,-9003639,3031038,-8908041,3126636,32822194602
235,FL_Peninsular_FDEM_Sarasota_2018/,-9200639,3111769,-9135435,3176973,31034436705
236,FL_Peninsular_FDEM_StLucie_2018/,-8981221,3145282,-8928153,3198350,23467097725
237,FL_Peninsular_Flagler_2019/,-9075093,3408483,-9027777,3455799,25314902871
238,FL_Peninsular_Hernando_2019/,-9204982,3284447,-9133798,3355631,32858585231
239,FL_Peninsular_Pinellas_2018/,-9244380,3199322,-9171558,3272144,16835045264
240,FL_Peninsular_Seminole_2018/,-9067639,3320251,-9019019,3368871,25394818677
241,FL_Peninsular_Sumter_2018/,-9183525,3289707,-9101535,3371697,51046997352
242,FL_Peninsular_Volusia_2018/,-9094152,3334309,-8987730,3440731,103231432502
243,FL_PinellasCo_2007/,-9244367,3199298,-9171549,3272116,3091561200
244,FL_Sarasota_2007/,-9207554,3112577,-9135434,3184697,4002516852
245,FL_StJohnsCo_2008/,-9106537,3454991,-9025393,3536135,11810146442
246,FL_StJohnsRiver_WMD_2012/,-9143998,3420386,-9062772,3501612,6596493820
247,FL_SuwanneeRiver-Area1_2013/,-9265515,3491613,-9210607,3546521,1989123518
248,FL_SuwanneeRiver-Area2_2013/,-9279301,3546163,-9269069,3556395,115488440
249,FL_SuwanneeRiver-Area3_2013/,-9185863,3527134,-9167203,3545794,312997445
250,FL_SuwanneeRiver-Area4_2013/,-9231626,3461972,-9199686,3493912,1527710354
251,FL_SuwanneeRiver-FY12-Area4-5_2013/,-9278344,3505896,-9230666,3553574,978834114
252,FL_SuwanneeRiver_2012/,-9175427,3465564,-9116643,3524348,3497455129
253,FL_SuwanneeRiver_2013/,-9220691,3483815,-9192671,3511835,1488900528
254,FL_SuwanneeRiver_North_2011/,-9273559,3439685,-9137681,3575563,7768815577
255,FL_SuwanneeRiver_West_2011/,-9233660,3439703,-9223060,3450303,122628203
256,FL_TopobathyFLKeysNOAA_Hydroflattened_2019/,-9147691,2779587,-8919161,3008117,51970164694
257,FL_WaltonAFB_2006-2008/,-9634232,3537049,-9538154,3633127,7481219588
258,FL_WaltonCo_2006/,-9634232,3537049,-9538154,3633127,7694763779
259,FL_WestEvergladesNP_topobathymetric_2018/,-9076167,2885100,-8970927,2990340,107298897612
260,GA_Bibb_Jasper_Jones_Monroe_2010/,-9379944,3849810,-9263978,3965776,11630630878
261,GA_Bryan_County_2010/,-9065200,3724790,-9028986,3761004,1090890472
262,GA_Camden_County_2010/,-9112425,3594966,-9054929,3652462,5906951536
263,GA_Central_1_2018/,-9422133,3870887,-9170573,4122447,59159976532
264,GA_Central_2_2018/,-9540929,3700483,-9311007,3930405,38135978872
265,GA_Central_3_2018/,-9509667,3533495,-9240817,3802345,82336635439
266,GA_Charlton_Brantley_Camden_2010/,-9193736,3551116,-9063398,3681454,8255823271
267,GA_Effingham_Screven_Bulloch_2010/,-10423149,2495275,-7738609,5179815,15654047821
268,GA_Harris_County_2010/,-9482935,3830592,-9425491,3888036,5636767975
269,GA_Heard_County_2010/,-9495531,3911230,-9453551,3953210,2477891377
270,GA_McIntosh_County_2010/,-9088117,3670587,-9032087,3726617,4707021224
271,GA_PotatoCreek_2009/,-9416157,3866368,-9353929,3928596,5900498693
272,GA_SW_Georgia_B1a_2017/,-9490370,3713539,-9360370,3843539,6415722864
273,GA_SW_Georgia_B1b_2017/,-9488609,3858739,-9405319,3942029,13239227109
274,GA_SW_Georgia_B2_2017/,-9475109,3592134,-9366365,3700878,21925714249
275,GA_SW_Georgia_B4_2017/,-9405836,3706289,-9230200,3881925,60326605817
276,GA_SW_Georgia_B5_2017/,-9285402,3733643,-9196038,3823007,17292173767
277,GA_Statewide_10_2018/,-9296766,3577173,-9081716,3792223,31444277321
278,GA_Statewide_11_2018/,-9295994,3624433,-9055648,3864779,33030721667
279,GA_Statewide_12_2018/,-9276736,3518336,-9108300,3686772,32928484587
280,GA_Statewide_9_2018/,-9285738,3770749,-9154064,3902423,35099632626
281,GA_Statewide_B1_2018/,-9583830,3980691,-9400820,4163701,32251297168
282,GA_Statewide_B2_2018/,-9530469,3960578,-9327173,4163874,42678530660
283,GA_Statewide_B3_2018/,-9458571,3963785,-9258459,4163897,43103638101
284,GA_Statewide_B4_2018/,-9364580,4006983,-9206050,4165513,21844083675
285,GA_Statewide_B5_2018/,-9180031,3593541,-8939969,3833603,27587433357
286,GA_Statewide_B6_2018/,-9156247,3774215,-9028101,3902361,33188546755
287,GA_Statewide_B7_2018/,-9251757,3977322,-9151489,4077590,13356481893
288,GA_Statewide_B8_2018/,-9285911,3846653,-9107619,4024945,36451418654
289,GA_Walton_County_2010/,-9348669,3970945,-9296463,4023151,4665506342
290,GA_WayneCo_2010/,-9153659,3676110,-9087247,3742522,3053472482
291,GA_Wayne_Long_McIntosh_2010/,-9165199,3656427,-9068243,3753383,6585271598
292,Guam_2012/,16093443,1486253,16141895,1534705,4834594345
293,HI_Volcano_B1_2019/,-17295766,2171432,-17232348,2234850,52954782933
294,IA_FullState/,-10758075,4793202,-10034133,5517144,167692896718
295,IA_NorthCentral_1_2020/,-10671701,5133022,-10250767,5553956,49774341127
296,IA_NorthCentral_2_2020/,-10586910,4988601,-10274780,5300731,60040043143
297,IA_NorthCentral_3_2020/,-10620077,5086834,-10303935,5402976,71831674676
298,IA_SouthCentral_1_2020/,-10553585,4948924,-10414825,5087684,44835699695
299,IA_SouthCentral_2_2020/,-10458521,4949288,-10320267,5087542,34009977689
300,IA_SouthCentral_3_2020/,-10376837,4950377,-10185997,5141217,78592906144
301,IA_Western_2_2020/,-10762252,5093493,-10467148,5388597,78997864806
302,IA_Western_3_2020/,-10686852,4939454,-10516348,5109958,78914463513
303,ID_AdamsCo_1_2019/,-13037334,5530369,-12898188,5669515,70065051818
304,ID_AdamsCo_2_2019/,-13036707,5532696,-12902125,5667278,21183300555
305,ID_CityofRocks_2011/,-12669862,5158808,-12643568,5185102,1104788091
306,ID_CoeurDAlene_2009/,-12973644,6024900,-12963412,6035132,130420891
307,ID_DryCreek_2007/,-12933927,5416047,-12921955,5428019,212678268
308,ID_NorthForkPayette_1_2020/,-13207315,5420481,-12852181,5775615,143948505129
309,ID_NorthernID_1_2019/,-13110826,6000201,-12835840,6275187,121860137680
310,ID_NorthernID_2_2019/,-13096355,5997885,-12819097,6275143,145662789718
311,ID_SouthernID_1_2018/,-12926217,5163601,-12811929,5277889,33001351479
312,ID_SouthernID_2_2018/,-13086145,5158455,-12753919,5490681,99346227694
313,ID_SouthernID_3_SA2_2018/,-12994985,5360283,-12831693,5523575,8138630571
314,ID_USGSTributary_2008/,-13026751,6035665,-13022879,6039537,5976130
315,IL_8County_B1_2020/,-9851608,4740265,-9740734,4851139,65478164166
316,IL_8County_B2_2020/,-9839207,4652868,-9737625,4754450,30048286453
317,IL_8County_PlusChampaign_B1_2019/,-9857348,4846924,-9778500,4925772,22305954161
318,IL_8County_PlusChampaign_B2_2019/,-10138420,5016224,-9899040,5255604,119375284344
319,IL_8County_PlusChampaign_B3_QL1_2019/,-9837308,4868232,-9808638,4896902,5516878348
320,IL_8County_PlusChampaign_B4_2019/,-9857487,4846785,-9778359,4925913,180569133
321,IL_BooneCo_2007/,-9619663,5187948,-9618817,5188794,828681
322,IL_FordIroquoisLivingston_L1_2014/,-9908016,4975036,-9853818,5029234,4422311418
323,IL_FordIroquoisLivingston_L2_2014/,-9895388,4923576,-9788880,5030084,6887047974
324,IL_HenryCo_2009/,-10067478,5034305,-10002790,5098993,3619217335
325,IL_HicksDome_FluorsparDist_2_2019/,-9937112,4447627,-9718928,4665811,61028681332
326,IL_HicksDome_FluorsparDist_3_2019/,-10100225,4434568,-9860481,4674312,62219693555
327,IL_HicksDome_FluorsparDistrict_B1_2019/,-9970592,4480972,-9784666,4666898,87975982743
328,IL_Johnson-Pulaski_MassacCos_2012-2014/,-9938708,4435995,-9850102,4524601,2367495878
329,IL_KendallCo_2010/,-9864078,5079592,-9823434,5120236,1166712524
330,IL_Peoria_2008/,-10022910,4939374,-9952290,5009994,2204375255
331,IL_SalineRiver_2010/,-9926147,4498821,-9801053,4623915,10709172374
332,IL_SangamonRiver_2011/,-9972724,4813904,-9930290,4856338,549249738
333,IL_Wabash-Saline-FEMA_2011/,-9924829,4492000,-9786453,4630376,11250702292
334,IL_WabashRiver_2010/,-9892098,4546590,-9609826,4828862,10546800004
335,IN_LakeErie_2010/,-9536434,5039155,-9437990,5137599,3851671816
336,IN_Statewide-BartholomewCo_2011/,-9582948,4726892,-9537486,4772354,1152183880
337,IN_Statewide-BooneCo_2011/,-9651511,4847410,-9599541,4899380,1783842982
338,IN_Statewide-BrownCo_2011/,-9622264,4726686,-9576704,4772246,1008974592
339,IN_Statewide-CarrollCo_2011/,-9661121,4926509,-9612877,4974753,1129747322
340,IN_Statewide-CassCo_2011/,-9642301,4947453,-9589709,5000045,1245127896
341,IN_Statewide-ClintonCo_2011/,-9651339,4885242,-9599273,4937308,1015192869
342,IN_Statewide-CrawfordCo_2011/,-9650559,4591489,-9599933,4642115,1109398273
343,IN_Statewide-ElkhartCo_2011/,-9580553,5077238,-9531431,5126360,1193724562
344,IN_Statewide-FultonCo_2011/,-9626561,4988819,-9567859,5047521,882930725
345,IN_Statewide-HarrisonCo-2011/,-9619086,4572539,-9552860,4638765,1544945346
346,IN_Statewide-HowardCo_2011/,-9615730,4904515,-9557588,4962657,785582174
347,IN_Statewide-JacksonCo_2011/,-9610095,4675968,-9549289,4736774,1508593395
348,IN_Statewide-KosciuskoCo_2011/,-9587326,5018333,-9528326,5077333,1411881816
349,IN_Statewide-LawrenceCo_2011/,-9650294,4675689,-9603108,4722875,1351445523
350,IN_Statewide-MarshallCo_2011/,-9626921,5035359,-9578045,5084235,1248542354
351,IN_Statewide-MiamiCo_2011/,-9607187,4947619,-9542509,5012297,1095404160
352,IN_Statewide-OrangeCo_2011/,-9650470,4634668,-9605442,4679696,1260454827
353,IN_Statewide-PulaskiCo_2011/,-9679074,4989971,-9624432,5044613,1213426417
354,IN_Statewide-StJosephCo_2011/,-9633542,5073893,-9578246,5129189,1362579795
355,IN_Statewide-StarkeCo_2011/,-9679014,5029374,-9624140,5084248,920058816
356,IN_Statewide-TiptonCo_2011/,-9601524,4888537,-9557528,4932533,703471902
357,IN_Statewide-WabashCo_2011/,-9578025,4961819,-9521427,5018417,1112486642
358,IN_Statewide-WashingtonCo_2011/,-9609783,4635847,-9555083,4690547,1530712866
359,IN_Statewide_B1_2017/,-9584122,5007337,-9438300,5153159,23385074380
360,IN_Statewide_B2_2017/,-9582081,4919246,-9438587,5062740,22244323164
361,IN_Statewide_Opt1_B1_2017/,-9667339,4947454,-9486517,5128276,27090200609
362,IN_Statewide_Opt1_B2_2017/,-9615730,4820128,-9439430,4996428,25944889149
363,IN_Statewide_Opt1_B3_2017/,-9602811,4737695,-9440231,4900275,57869774308
364,IN_Statewide_Opt1_B4_2017/,-9616314,4646439,-9435882,4826871,29242299480
365,IN_Statewide_Opt1_B5_2017/,-9613115,4547487,-9435939,4724663,26252669746
366,IN_Statewide_Opt2_B1_2017/,-9747179,5001975,-9622823,5126331,30477881176
367,IN_Statewide_Opt2_B2_2017/,-9745541,4876565,-9599273,5022833,28371060228
368,IN_Statewide_Opt2_B3_2017/,-9744997,4777858,-9599503,4923352,31037639561
369,IN_Statewide_Opt2_B4_2017/,-9759929,4678653,-9600385,4838197,36250288043
370,IN_Statewide_Opt2_B5_2017/,-9769034,4549648,-9599934,4718748,53399890309
371,IN_Statewide_Opt2_B6_2017/,-9808976,4528249,-9673754,4663471,32089764938
372,KS_Area1_2012/,-11376256,4436729,-11127402,4685583,20795166575
373,KS_Area3-ButlerCo_2012/,-10828757,4498609,-10731869,4595497,8000519466
374,KS_Area3-NortheastA_2012/,-10733561,4681140,-10507037,4907664,17669455965
375,KS_Area3-NortheastB_2012/,-10803979,4681276,-10614585,4870670,13240025616
376,KS_Area3-Southeast_2012/,-10660301,4436616,-10457369,4639548,5379972877
377,KS_AtchinsonCo_2010/,-10663437,4671554,-10516385,4818606,2223799097
378,KS_BartonCo_2010/,-11026357,4610066,-10955815,4680608,2266385560
379,KS_ChaseCo_2010/,-10787603,4589635,-10718659,4658579,2308340096
380,KS_Coffey_2010/,-10684804,4584518,-10624362,4644960,2114770645
381,KS_DickinsonCo_2010/,-10854580,4659416,-10770390,4743606,2427102573
382,KS_DodgeCity_2010/,-11145558,4526172,-11116854,4554876,117375827
383,KS_DouglasCounty_2006/,-10631980,4682340,-10580968,4733352,1195526405
384,KS_EllsworthCo_2010/,-10969448,4641747,-10898692,4712503,1985748509
385,KS_Franklin_2010/,-10899629,4366710,-10311027,4955312,2363281856
386,KS_FtRiley_2006/,-10798881,4725596,-10757435,4767042,455076826
387,KS_Geary_2010/,-10799739,4693146,-10729801,4763084,1397194051
388,KS_HarveyCo2_2010/,-10880848,4552930,-10810852,4622926,1387831220
389,KS_HarveyCo_2010/,-10874585,4567187,-10804499,4637273,436391566
390,KS_JacksonCo_2006/,-10532711,4697773,-10474651,4755833,1637579605
391,KS_JeffersonCo_2006/,-10646918,4725200,-10589632,4782486,1442128799
392,KS_JewellCo_2010/,-10969208,4796383,-10898326,4867265,2352351436
393,KS_JohnsonCo_2006/,-10581925,4679979,-10531419,4730485,1212434469
394,KS_Leavenworth_2006/,-10596166,4704858,-10565166,4735858,110009465
395,KS_Leavenworth_2010/,-10610292,4713204,-10535172,4788324,2039783865
396,KS_LincolnCo_2010/,-10964956,4695216,-10898070,4762102,2056184502
397,KS_LyonCo_2010/,-10747625,4599544,-10660733,4686436,2222931279
398,KS_Manhattan_2006/,-10792344,4719483,-10735174,4776653,437014443
399,KS_MarionCo_2010/,-10848811,4588996,-10765429,4672378,2651393433
400,KS_MarshallCo_2010/,-10778654,4798869,-10711070,4866453,2541618577
401,KS_McPhersonCo_2010/,-10906256,4599223,-10835236,4670243,2419915263
402,KS_MiamiCo_2009/,-10589666,4629087,-10529626,4689127,2049588299
403,KS_MitchellCo_2010/,-10966387,4746220,-10897913,4814694,1930859403
404,KS_MorrisCo_2010/,-10796341,4638916,-10719591,4715666,1922485948
405,KS_NorthCentral_2009/,-10905885,4740452,-10773547,4872790,4325441138
406,KS_Osage_2010/,-10686377,4643343,-10622505,4707215,2383220590
407,KS_OttawaCo_2010/,-10905038,4705228,-10833826,4776440,2167253017
408,KS_PottawatomieCo_2010/,-10769141,4748346,-10713189,4804298,1040542030
409,KS_RiceCo_2010/,-10963442,4595940,-10899302,4660080,1760342805
410,KS_Riley_2010/,-10802346,4761488,-10760418,4803416,704365731
411,KS_SalineCo_2010/,-10905618,4653591,-10834300,4724909,2300495125
412,KS_Sedgwick-Wichita_2008/,-10887995,4496826,-10808921,4575900,7872900853
413,KS_ShawneeCounty_2006/,-10690851,4697661,-10631067,4757445,1357031391
414,KS_Statewide_B10_2018/,-11075692,4654405,-10861216,4868881,44101012866
415,KS_Statewide_B11_2018/,-11014339,4451213,-10875205,4590347,15781253530
416,KS_Statewide_B12_2018/,-10780640,4560225,-10471242,4869623,25231771264
417,KS_Statewide_B13_2018/,-11257414,4538304,-11096786,4698932,27512919170
418,KS_Statewide_B14_2018/,-10804416,4433865,-10674988,4563293,23825674900
419,KS_Statewide_B17_2018/,-10703724,4434084,-10479080,4658728,50892068364
420,KS_Statewide_B2_2018/,-11363969,4525001,-11254525,4634445,11680728917
421,KS_Statewide_B4_2018/,-11247115,4393660,-11095693,4545082,17603466746
422,KS_Statewide_B5_2018/,-10907141,4499956,-10753099,4653998,25247127870
423,KS_Statewide_B6A_2018/,-10792533,4655844,-10679943,4768434,20645115576
424,KS_Statewide_B6B_2018/,-10737656,4655844,-10634248,4759252,1728649000
425,KS_Statewide_B7_2018/,-11298743,4483409,-11209381,4572771,8678882956
426,KS_Statewide_B8A_2018/,-11001660,4539539,-10873766,4667433,23430809740
427,KS_Statewide_B9_2018/,-11215127,4438998,-10889477,4764648,48334445638
428,KS_USFWS_2010/,-10980559,4588569,-10952571,4616557,255768853
429,KY_Eastern_B1_2019/,-9547199,4489468,-9380477,4656190,31382719610
430,KY_Eastern_B2_2019/,-9412640,4438276,-9122740,4728176,113107397078
431,KY_FluorsparDistrict_2019/,-9881415,4386816,-9691225,4577006,50273353535
432,KY_FullState/,-10309997,3793753,-8785933,5317817,448685375365
433,LA_Atchafalaya2_2013/,-10303101,3421479,-10114269,3610311,14027387174
434,LA_AtchafalayaBasin_2010/,-10244946,3461514,-10131146,3575314,5570542121
435,LA_Bayou_Nezpique_TL_2018/,-10334147,3563688,-10316731,3581104,660362322
436,LA_CPRA_B1_2019/,-10199525,3440419,-10140173,3499771,17055107433
437,LA_CPRA_B2_2019/,-10388027,3795928,-10286411,3897544,66997557155
438,LA_CPRA_B3_2019/,-10438046,3795908,-10336146,3897808,56143236064
439,LA_CPRA_B4_2019/,-10341519,3795749,-10240127,3897141,51052468615
440,LA_CPRA_B5_2019/,-10413766,3510239,-10128006,3795999,119216066235
441,LA_Catahoula_Concordia_1_2017/,-10253789,3666628,-10160719,3759698,134724940423
442,LA_Jean-Lafitte_2013/,-10048811,3463323,-10023197,3488937,529737290
443,LA_Sabine_River_Lidar_A1_2018/,-10437024,3606119,-10346484,3696659,125987613573
444,LA_Sabine_River_Lidar_A2_2018/,-10435236,3541369,-10349998,3626607,65702510719
445,LA_Sabine_River_Lidar_A3_2018/,-10438451,3500172,-10366897,3571726,59094722506
446,LA_Sabine_River_Lidar_A4_2018/,-10346891,3607789,-10249327,3705353,88638578422
447,LA_Sabine_River_Lidar_A5_2018/,-10483433,3794242,-10379645,3898030,189613348215
448,LA_Sabine_River_Lidar_A6_2018/,-10468927,3643557,-10264979,3847505,352204053202
449,MD_Baltimore_2008/,-8542038,4749754,-8516590,4775202,333637530
450,MD_CalvertCo_2011/,-8552827,4624095,-8488247,4688675,1329007281
451,MD_FEMA_AlleganyCo_2012/,-8802090,4763330,-8717542,4847878,4542940000
452,MD_FEMA_HoopersIsland_2011/,-8488759,4612038,-8471811,4628986,48978682
453,MD_FEMA_WashingtonCounty_2012/,-8725309,4746148,-8622293,4849164,4084282148
454,MD_FEMA_WorcesterCo_2011/,-8399071,4582820,-8338245,4643646,1478659827
455,MD_GoldenBeach_2012/,-8537268,4647858,-8533402,4651724,4860658
456,MD_Kent_QueenAnne_Caroline_2006/,-8506047,4684561,-8414055,4776553,818600724
457,MD_NRCS-LiDAR_2012/,-8480025,4566015,-8386389,4659651,6043537599
458,MD_PotomacRiver_Bathy_2019/,-8661301,4710360,-8584505,4787156,3905099170
459,MD_VA_NCB_KGeorge_1_2020/,-8633670,4600962,-8408830,4825802,17315742804
460,ME_Androscoggin_2009/,-7865266,5450490,-7773682,5542074,8809454657
461,ME_AroostookCo_2012/,-7706881,5777272,-7485495,5998658,5057660149
462,ME_Augusta_2006/,-7784209,5495971,-7748721,5531459,712133403
463,ME_CrownofMaine_B2_2018/,-7785751,5810208,-7641169,5954790,31064962990
464,ME_Eastern_TL_2017/,-7698827,5562675,-7515707,5745795,4010566795
465,ME_SouthCoastal_1_2020/,-7902918,5318784,-7679688,5542014,47351251607
466,ME_SouthCoastal_2_2020/,-7878505,5326773,-7851517,5353761,4957670577
467,MI_31Co_EatonB_2016/,-9445910,5262799,-9418956,5289753,48457776
468,MI_Charlevoix_Islands_TL_2018/,-9519229,5739626,-9518117,5740738,10741397
469,MI_DickinsonCo-NRCS_2012/,-9824513,5735784,-9740035,5820262,6820744195
470,MI_FEMA_Alcona_Oscoda_2019/,-9392746,5509757,-9268540,5633963,19154105668
471,MI_FEMA_Alpena_Montmorency_2019/,-9392752,5560056,-9260732,5692076,18407814291
472,MI_FEMA_Cheboygan_2019/,-9455470,5652278,-9350880,5756868,12232807644
473,MI_FEMA_Chippewa_2019/,-9418409,5748309,-9286767,5879951,2591713862
474,MI_FEMA_Crawford_Kalkaska_2019/,-9499981,5517809,-9392737,5625053,24434293441
475,MI_FEMA_Dickinson_Iron_Menominee_2019/,-9902257,5635696,-9689007,5848946,44679362799
476,MI_FEMA_Gogebic_2019/,-10066326,5822623,-10003944,5885005,3773227446
477,MI_FEMA_Luce_Schoolcraft_2019/,-9625579,5738262,-9455519,5908322,23965111746
478,MI_LakeErie_UTM16_2010/,-9453899,5113086,-9339939,5227046,5956301640
479,MI_LakeErie_UTM17_2010/,-9367473,5116236,-9307961,5175748,960008825
480,MI_SaginawBay_2011/,-9369938,5336454,-9220332,5486060,19388434038
481,MN_ChippewaCo_2010/,-10693851,5567081,-10599599,5661333,2420662803
482,MN_CottonwoodCo_2010/,-10627710,5435403,-10557878,5505235,2491327766
483,MN_FullState/,-10913529,5383547,-9955559,6341517,291760609591
484,MN_KandiyohiCo_2010/,-10621637,5601761,-10532643,5690755,3263463799
485,MN_LakeCounty_2018/,-10219045,6015815,-10132295,6102565,98127054316
486,MN_MurrayCo_2010/,-10697324,5433629,-10623940,5507013,2872608269
487,MN_RenvilleCo_2010/,-10631197,5512573,-10516153,5627617,4090385096
488,MN_RockCo_2010/,-10743560,5388239,-10685538,5446261,1849519525
489,MN_SibleyCo_2010/,-10537217,5504854,-10436183,5605888,2501934963
490,MN_SwiftCo_2010/,-10700817,5615329,-10599599,5716547,2931687204
491,MN_WasecaCo_2010/,-10447911,5441254,-10389779,5499386,1492134666
492,MO_AdairCo_2011/,-10352715,4859139,-10279535,4932319,3984779833
493,MO_BarryCo_2011/,-10464509,4379369,-10414067,4429811,584124621
494,MO_BooneCo_2009/,-10321722,4667743,-10231254,4758211,5011966419
495,MO_Clay_County_2008/,-10534119,4737374,-10482965,4788528,597975464
496,MO_Cole-Callaway-Osage_2010/,-10305206,4618296,-10191276,4732226,6522548043
497,MO_CooperCo_2011/,-10359391,4672537,-10299729,4732199,1932807078
498,MO_DuckCreek_2009/,-10054679,4421486,-10010645,4465520,382205482
499,MO_DunklinCo_2012/,-10082355,4299533,-9992537,4389351,2255087752
500,MO_FEMANRCS_1_2020/,-10587433,4261242,-9941269,4907406,55630370830
501,MO_FranklinCo_2011/,-10175870,4596863,-10095610,4677123,6843384926
502,MO_GreeneCo_2011/,-10422887,4442984,-10359055,4506816,5662589078
503,MO_HowardCo_2011/,-10347421,4715730,-10290785,4772366,1506334787
504,MO_JasperCo_2010/,-10534524,4434619,-10468664,4500479,1644359748
505,MO_JeffersonGenevieve_2010/,-10104198,4557226,-10010862,4650562,5535724855
506,MO_LincolnCo_2011/,-10157957,4696300,-10092553,4761704,3513255101
507,MO_LivingstonCo_2011/,-10450298,4805573,-10392468,4863403,322601435
508,MO_LivingstonCounty_2011/,-10437536,4807446,-10381664,4863318,1828048382
509,MO_MaconCo_2011/,-10332168,4810199,-10273116,4869251,3663913210
510,MO_MonroeAudrainMontgomeryCos_2011/,-10272935,4671523,-10127769,4816689,4899415699
511,MO_Platte_County_2008/,-10586829,4743132,-10530817,4799144,647851667
512,MO_PutnamCo_2011/,-10394499,4894648,-10315339,4973808,2584474738
513,MO_RandolphCo_2012/,-10325591,4751155,-10259939,4816807,3054732018
514,MO_RayCo_2011/,-10492147,4739126,-10469401,4761872,149924248
515,MO_Rolla_2011/,-10218902,4567021,-10210034,4575889,20703110
516,MO_StFrancoisCo_2011/,-10115902,4528262,-10046802,4597362,2793393796
517,MO_StFrancois_2012/,-10098265,4507529,-10030895,4574899,1850294263
518,MO_StLouis_2012/,-10102319,4634075,-10030243,4706151,3299085383
519,MO_Steelville_2011/,-10172847,4573166,-10166667,4579346,12464336
520,MO_SullivanCo_2012/,-10403844,4875014,-10356410,4922448,1046313234
521,MO_UpperGrand_2011/,-10552867,4796165,-10397429,4951603,3972361864
522,MO_Washinton-IronCo_2011/,-10164901,4521326,-10071179,4615048,6509156903
523,MO_WestCentral_1_2018/,-10533541,4624765,-10317009,4841297,59697308669
524,MO_WestCentral_2_2018/,-10128859,4636714,-10029673,4735900,32274274737
525,MO_WestCentral_3_2018/,-10143869,4299209,-9876205,4566873,14785795126
526,MO_WestCentral_4_2018/,-10203383,4650293,-10092361,4761315,24148877749
527,MS_CampShelby_2006/,-9980304,3580509,-9865002,3695811,1865505107
528,MS_MSDeltaYazoo-Phase1_2009/,-10258861,3802935,-9887013,4174783,60079629604
529,MS_MississippiDelta_3_2018/,-10153354,3879706,-9886722,4146338,38702980713
530,MS_MississippiDelta_A1_2018/,-10034182,3984104,-9853678,4164608,60990063965
531,MS_MississippiDelta_A2_2018/,-10195125,3898170,-9928697,4164598,30249414547
532,MS_NRCS-Lauderdale_2013/,-9981145,3740453,-9799861,3921737,49283861450
533,MS_NRCS_East_1_2018/,-10071186,3820526,-10017588,3874124,4207534879
534,MS_NRCS_East_2_2018/,-10063550,3819071,-9784218,4098403,60589575027
535,MS_NRCS_East_3_2018/,-10067306,3751942,-9997952,3821296,8215151658
536,MS_NRCS_East_4_2018/,-10038347,3751191,-9969667,3819871,14751284161
537,MS_Tupelo_2012/,-10005176,3853380,-9749324,4109232,24194563257
538,MT_Helena_2012/,-12499835,5856635,-12446753,5909717,1252200566
539,MT_NRCS_B1_QL1_2018/,-12612588,6171260,-12563336,6220512,3299852279
540,MT_NRCS_B1_QL2_2018/,-12733479,5521853,-11836493,6418839,17948656583
541,MT_NRCS_B2_2018/,-11889119,5575903,-11580115,5884907,26098419436
542,MT_RavalliGraniteCusterPowderRiver_2_2019/,-11832726,5595948,-11685528,5743146,36253650966
543,MT_SageGrouse_2010/,-12165162,5822226,-12099310,5888078,2557104911
544,NC_BladenCo_2014/,-8783116,4071981,-8703746,4151351,10643305388
545,NC_BrunswickCo_2014/,-8755722,4001331,-8674738,4082315,9353890099
546,NC_ColumbusCo_2014/,-8803455,4005454,-8702037,4106872,11112677176
547,NC_DuplinCo_2014/,-8707209,4124328,-8641853,4189684,8462028418
548,NC_EdgecombeCo_2014/,-8669448,4254745,-8603302,4320891,5200355407
549,NC_FranklinCo_2014/,-8745348,4276183,-8684782,4336749,4980584835
550,NC_GreeneCo_2014/,-8664500,4211516,-8623074,4252942,2910499707
551,NC_HalifaxCo_2014/,-8682957,4292663,-8596339,4379281,6837368378
552,NC_HurricaneFlorence_1_2020/,-8849768,3996029,-8677680,4168117,152758563641
553,NC_HurricaneFlorence_2_2020/,-8686364,4002673,-8514994,4174043,93125976446
554,NC_HurricaneFlorence_3_2020/,-8673858,4148178,-8577850,4244186,56337677107
555,NC_HurricaneFlorence_4_2020/,-8750531,4320166,-8693657,4377040,36226206071
556,NC_HurricaneFlorence_5_2020/,-8785713,4144139,-8653899,4275953,135351640957
557,NC_HurricaneFlorence_6_2020/,-8620753,4164354,-8438027,4347080,145852589037
558,NC_HurricaneFlorence_7_2020/,-8809812,4064083,-8715382,4158513,100529597771
559,NC_HurricaneFlorence_8_2020/,-8778392,4242861,-8644154,4377099,88650327471
560,NC_HurricaneFlorence_9_2020/,-8622914,4255462,-8462776,4415600,180495136950
561,NC_JohnstonCo_2014/,-8765349,4199220,-8688369,4276200,9811972820
562,NC_LenoirCo_2014/,-8667372,4164817,-8609660,4222529,3924756529
563,NC_NashCo_2014/,-8713358,4262931,-8647408,4328881,5534361678
564,NC_NewHanoverCo_2014/,-8702124,4013041,-8633864,4081301,2027552865
565,NC_PenderCo_2014/,-8712941,4054673,-8628063,4139551,9410650460
566,NC_Phase4_Lincoln_2016/,-9075943,4197008,-9010119,4262832,28004983829
567,NC_Phase5_Ashe_2017/,-9099756,4330096,-9043776,4386076,49246994085
568,NC_Phase5_Avery_2017/,-9144433,4288447,-9092133,4340747,34764055988
569,NC_Phase5_Buncombe_2017/,-9226363,4209376,-9147869,4287870,91211176328
570,NC_Phase5_Burke_2017/,-9126587,4235129,-9056917,4304799,63287291280
571,NC_Phase5_Caldwell_2017/,-9107086,4265614,-9052908,4319792,45756140320
572,NC_Phase5_Cherokee_2017/,-9387525,4146895,-9316289,4218131,81571291256
573,NC_Phase5_Clay_2017/,-9351135,4144532,-9293363,4202304,41067097283
574,NC_Phase5_Graham_2017/,-9355444,4184874,-9304332,4235986,62072056965
575,NC_Phase5_Haywood_2017/,-9274337,4203889,-9205417,4272809,92477426873
576,NC_Phase5_Henderson_2017/,-9211009,4180543,-9157507,4234045,58007721633
577,NC_Phase5_Jackson_2017/,-9291259,4163736,-9219563,4235432,86786882680
578,NC_Phase5_Macon_2017/,-9321521,4150261,-9251587,4220195,104904589445
579,NC_Phase5_Madison_2017/,-9236402,4252660,-9174460,4314602,72997207788
580,NC_Phase5_McDowell_2017/,-9165287,4234185,-9104247,4295225,61005471145
581,NC_Phase5_Mitchell_2017/,-9175727,4274756,-9125927,4324556,28716181813
582,NC_Phase5_Polk_2017/,-9168076,4182314,-9124146,4226244,28817072052
583,NC_Phase5_Rutherford_2017/,-9159685,4184481,-9093409,4250757,62265963351
584,NC_Phase5_Swain_2017/,-9345935,4186252,-9257449,4274738,95445983866
585,NC_Phase5_Transylvania_2017/,-9245456,4166992,-9191798,4220650,73057436425
586,NC_Phase5_Watauga_2017/,-9119163,4309834,-9067733,4361264,37397092441
587,NC_Phase5_Yancey_2017/,-9190390,4259168,-9137788,4311770,40975594993
588,NC_RobesonCo_2014/,-8853654,4069084,-8764428,4158310,11201214661
589,NC_SampsonCo_2014/,-8777982,4105848,-8676996,4206834,10514649883
590,NC_SpartaEQ_1_2020/,-9042415,4353096,-9014591,4380920,30651159359
591,NC_VanceCo_2014/,-8752873,4325436,-8701569,4376740,2665382645
592,NC_WarrenCo_2014/,-8718694,4328860,-8670918,4376636,4280164785
593,NC_WayneCo_2014/,-8718882,4185604,-8658624,4245862,5663991974
594,NC_WilsonCo_2014/,-8704226,4233481,-8646144,4291563,3657839970
595,NE_CherryBrownCuster_Partial_1_2020/,-11352137,5019051,-11081533,5289655,40149392469
596,NE_CumingCo_2010/,-10851564,5051847,-10710514,5192897,1774479273
597,NE_NIROC-PapioCo_2010/,-10721752,5070409,-10690060,5102101,168824528
598,NE_Niobrara_Topobathy_2018/,-11188736,5142116,-10911202,5419650,8635761867
599,NE_Northeast_1_2020/,-10839524,5111467,-10667124,5283867,31014360665
600,NE_Northeast_2_2020/,-11104244,5050743,-10850980,5304007,46465122429
601,NE_Northeast_3_2020/,-10920491,5121349,-10746413,5295427,16168282202
602,NE_PostSpringFlood_OrthoLidar_B1_2019/,-11117203,5174869,-10909483,5382589,14160612378
603,NE_PostSpringFlood_OrthoLidar_TL_2019/,-10919626,5042553,-10677374,5284805,3255144866
604,NE_Rainwater-1_2009/,-11314246,4802319,-10913376,5203189,2104051328
605,NE_Rainwater-2_2009/,-11748484,4214957,-10260270,5703171,27418644236
606,NE_SouthernNE_B1_2018/,-10941078,4802105,-10738072,5005111,28570618947
607,NE_SouthernNE_B2_2018/,-11091428,4816830,-10889572,5018686,29986142462
608,NE_SouthernNE_B3_2018/,-11157094,4884654,-10988834,5052914,32285409825
609,NE_SouthernNE_B4A_2018/,-10992809,4942538,-10838803,5096544,23028524400
610,NE_SouthernNE_B4B_2018/,-10777729,4980274,-10644135,5113868,13458068410
611,NE_SouthernNE_B5_2018/,-10733137,4980334,-10620175,5093296,1790755592
612,NE_Southwest_1_2020/,-11626719,4866212,-11310429,5182502,50250364400
613,NE_Southwest_2_2020/,-11384251,4866093,-11127717,5122627,73381920088
614,NH_Coastal_1_2019/,-8001000,5245880,-7857888,5388992,81155007916
615,NH_Coastal_2_2019/,-8007230,5258893,-7868128,5397995,24493987699
616,NJ_CapeMayCo_2008/,-8351282,4709633,-8292276,4768639,2138844970
617,NJ_CumberlandCo_2008/,-8396658,4742021,-8331538,4807141,3964329187
618,NJ_GloucesterCo_2007/,-8398894,4790916,-8335288,4854522,1523029158
619,NJ_SalemCo_2008/,-8426395,4772572,-8377585,4821382,196751545
620,NJ_SalemCo_2009/,-8418746,4787955,-8371116,4835585,1068374070
621,NJ_South_Jersey_FEMA_2018/,-8433903,4678047,-8106441,5005509,18361523468
622,NJ_SouthernNJ_2018/,-8412818,4702105,-8270462,4844461,62295833862
623,NJ_SussexWarren_2008/,-8368269,4990614,-8293645,5065238,619680890
624,NM_Albuquerque_2010/,-11947576,4096075,-11792494,4251157,6501794010
625,NM_McKinley_CoalMine_2012/,-12139563,4242044,-12116647,4264960,568336498
626,NM_NRCS_MiddleRioGrande_2017/,-12086467,3925268,-11683267,4328468,37067905839
627,NM_Navajo-Pinabete_CoalMine_2012/,-12097643,4364060,-12059483,4402220,488836935
628,NM_NorthWest_B1_2018/,-12025722,4289807,-11874664,4440865,18107224338
629,NM_NorthWest_B2A_2018/,-12211321,4061782,-12038537,4234566,9623819230
630,NM_NorthWest_B2B_2018/,-12022251,4381062,-11952657,4450656,7950927679
631,NM_NorthWest_B3B_2018/,-12017942,4243968,-11982428,4279482,1272652034
632,NM_NorthWest_B4_2018/,-12089264,4335362,-12015266,4409360,326143349
633,NM_NorthWest_Jicarilla_TL_2018/,-11987512,4310441,-11857214,4440739,14187759937
634,NM_NorthWest_Navajo_A_TL_2018/,-12254570,4121301,-11935470,4440401,82557815388
635,NM_NorthWest_Navajo_B_TL_2018/,-12062864,4238092,-11909276,4391680,7956317224
636,NM_NorthWest_SouthernUte_TL_2018/,-11998773,4392097,-11904973,4485897,406114414
637,NM_NorthWest_UteMountain_TL_2018/,-12139412,4385435,-12053078,4471769,1677839502
638,NM_NorthWest_Zuni_TL_2018/,-12202239,4096549,-12077175,4221613,8821606989
639,NM_Northeast_B1_2018/,-11624628,4052016,-11468280,4208364,26627328031
640,NM_Northeast_B2_2018/,-11667803,4134843,-11468231,4334415,48406609460
641,NM_Northeast_B3_2018/,-11712068,4181442,-11468290,4425220,58913900972
642,NM_Northeast_B4_2018/,-11712024,4242583,-11465454,4489153,43254236899
643,NM_Northeast_B5_2018/,-11715120,4307661,-11453524,4569257,42144643023
644,NM_RioSanJose_TL_2016/,-12094480,4068725,-11896458,4266747,10381590129
645,NM_SouthCentral_Acoma_TL_2018/,-12027101,4120815,-11984787,4163129,270854989
646,NM_SouthCentral_B10_2018/,-12198988,3998449,-12022326,4175111,62366779750
647,NM_SouthCentral_B1_2018/,-12042758,3734720,-11922984,3854494,29339558111
648,NM_SouthCentral_B2_2018/,-12139644,3747150,-12022336,3864458,33159461987
649,NM_SouthCentral_B3_2018/,-12038175,3852554,-11926561,3964168,34185765607
650,NM_SouthCentral_B4_2018/,-12184094,3638567,-12022336,3800325,34729543260
651,NM_SouthCentral_B5_2018/,-12289048,3762607,-12068196,3983459,38742052760
652,NM_SouthCentral_B6_2018/,-11966957,3733893,-11832399,3868451,30916428043
653,NM_SouthCentral_B7_2018/,-12022677,3861803,-11869293,4015187,31408423458
654,NM_SouthCentral_B8_2018/,-12175124,3848978,-12013544,4010558,78485794991
655,NM_SouthCentral_B9_2018/,-12082726,4007375,-11795596,4294505,20850776931
656,NM_SouthCentral_Fort_Sill_TL_2018/,-11958530,3793527,-11956708,3795349,10569302
657,NM_SouthCentral_Navajo_A_TL_2018/,-12069044,4121103,-12043108,4147039,595590221
658,NM_SouthCentral_Navajo_B_TL_2018/,-11972235,4067992,-11968489,4071738,17307928
659,NM_SouthCentral_Zuni_TL_2018/,-12140587,4087749,-12100331,4128005,335745698
660,NM_SouthEast_B1_2018/,-11866109,3681602,-11607157,3940554,64038182734
661,NM_SouthEast_B2_2018/,-11859152,3922135,-11705336,4075951,28082359140
662,NM_SouthEast_B3_2018/,-11609586,3740767,-11472712,3877641,29005162058
663,NM_SouthEast_B4_2018/,-11883507,3825613,-11724779,3984341,35818653866
664,NM_SouthEast_B5_2018/,-11724964,3788365,-11495358,4017971,32841272832
665,NM_SouthEast_B7_2018/,-11705451,3917519,-11538815,4084155,19981101499
666,NM_SouthEast_B8_2018/,-11857298,4016305,-11692770,4180833,11506369445
667,NM_WhiteSandsNM_2020/,-11855499,3844040,-11814879,3884660,8866804342
668,NV_ClarkCounty_B1_2018/,-12873363,4160925,-12614681,4419607,5369142498
669,NV_LasVegasValley_2010/,-12843051,4284183,-12775957,4351277,737148986
670,NY_3County_2019/,-8808514,5187606,-8624120,5372000,58620796304
671,NY_Columbia_Rensselaer_2016/,-8255567,5155808,-8139651,5271724,27651886191
672,NY_FEMAR2_Central_2_2018/,-8450580,5294607,-8245468,5499719,104462383588
673,NY_FEMAR2_Central_4_2018/,-8420750,5174321,-8112912,5482159,107955884201
674,NY_FEMAR2_Central_B1_2018/,-8803683,4869630,-8179087,5494226,31432382435
675,NY_FingerLakes_1_2020/,-8626783,5195931,-8475391,5347323,25243762789
676,NY_NewYorkCity/,-8267099,4937860,-8204119,5000840,4755025996
677,NY_Region2Lot1-FEMA_2012/,-8251473,5216193,-8076733,5390933,5027908568
678,OH_Statewide_Phase1_1_2019/,-9442285,4866962,-9058379,5250868,109984998020
679,OH_Statewide_Phase1_2_2019/,-9451459,4972234,-9348713,5074980,56381407836
680,OH_Statewide_Phase1_3_2019/,-9266760,4915306,-9075470,5106596,65152657790
681,OH_Statewide_Phase1_4_2019/,-9292253,4981139,-9221425,5051967,31494687055
682,OH_Statewide_Phase1_5_2019/,-9442100,4898639,-9289288,5051451,72492303355
683,OH_Statewide_Phase1_6_2019/,-9316424,4895391,-9140406,5071409,70808087038
684,OH_Statewide_Phase1_7_2019/,-9093046,5004538,-8939306,5158278,106069027385
685,OH_Statewide_Phase1_8_2019/,-9146218,5069818,-9140132,5075904,6545910
686,OH_Statewide_Phase2_3_2020/,-9111022,4747360,-8993346,4865036,79781384649
687,OK_GrandLake_2010/,-10598314,4363801,-10511470,4450645,2614992440
688,OK_McIntosh_2011/,-10683945,4183039,-10624653,4242331,863670095
689,OK_Panhandle_B1A_2018/,-11469587,4346778,-11354391,4461974,19110965372
690,OK_Panhandle_B1B_2018/,-10886869,4175630,-10799621,4262878,12902759942
691,OK_Panhandle_B1C_2018/,-10579972,4392434,-10532580,4439826,6466210753
692,OK_Panhandle_B2_2018/,-11354771,4293968,-11131803,4516936,51734735143
693,OK_Pottawatomie_2011/,-10836652,4166429,-10747664,4255417,1856844831
694,OK_Stillwater_2010/,-10893598,4287694,-10783714,4397578,3209586532
695,OK_WashitaRiver_14NAD83_2009/,-11132349,4014740,-10753153,4393936,14357233889
696,OK_WashitaRiver_14WGS84_2009/,-10808194,4012420,-10670852,4149762,5012684521
697,OK_WashitaRiver_UTM15_2009/,-10621819,4118527,-10499717,4240629,146357225
698,OR_Klamath_2018/,-13644368,5192790,-13555250,5281908,10370633212
699,OR_MKRC_Topobathy_2021/,-13705971,5430279,-13585213,5551037,2935859907
700,OR_Malheur_USFS_2010/,-13286725,5524124,-13201747,5609102,14210012435
701,OR_McKenzieRiver_1_2021/,-13699661,5433140,-13579041,5553760,58414109803
702,OR_NRCSUSGS_1_2019/,-13291216,5330604,-13178214,5443606,46274330607
703,OR_NRCSUSGS_2_2019/,-13341583,5449364,-13251129,5539818,33282882123
704,OR_NRCSUSGS_3_2019/,-13355101,5630315,-13154345,5831071,71120120987
705,OR_NRCSUSGS_4_2019/,-13463349,5599812,-13312301,5750860,67543002566
706,OR_PoleCreek_2013/,-13556879,5480766,-13531325,5506320,2842693299
707,PA_3_County_South_Central_2018/,-8586966,4885424,-8371732,5100658,53094718674
708,PA_Northcentral_B1_2019/,-8773818,4704074,-8444832,5033060,38345516471
709,PA_Northcentral_B2_2019/,-8789573,4891838,-8633269,5048142,55390434079
710,PA_Northcentral_B3QL1_2019/,-8825756,5065410,-8728764,5162402,6973954014
711,PA_Northcentral_B3_2019/,-8806404,4973182,-8558560,5221026,138364149002
712,PA_Northcentral_B4_2019/,-8696705,4957406,-8569543,5084568,45908105840
713,PA_Northcentral_B5_2019/,-8572852,4914500,-8312970,5174382,119051723033
714,PA_WesternPA_1_2019/,-8965113,4778981,-8723207,5020887,117856991618
715,PA_WesternPA_2_2019/,-8965171,4889038,-8761915,5092294,89086326789
716,PA_WesternPA_3_2019/,-8833894,5111077,-8782536,5162435,4745677942
717,PA_WesternPA_4_2019/,-8965150,5045388,-8784908,5225630,49470292367
718,PI_CNMI_hydroflattened_2019/,16126408,1586877,16262220,1722689,19103182131
719,PI_CNMI_hydroflattened_ellipsoid_2019/,16113973,1805333,16366071,2057431,4522416827
720,PI_CNMI_topobathymetric_2019/,16126241,1586571,16262783,1723113,27132591207
721,PI_CNMI_topobathymetric_ellipsoid_2019/,16113527,1805045,16366137,2057655,6119288186
722,PR_PuertoRico_2016_LAS_2017/,-7564720,1910847,-7259474,2216093,27224980362
723,SC_AndersonCo_2011/,-9244531,4055476,-9158629,4141378,5328143917
724,SC_BerkeleyCo_2009/,-8947691,3864166,-8842093,3969764,9902378962
725,SC_Berkeley_B2_2016/,-8922410,3897804,-8909656,3910558,502608846
726,SC_CherokeeCo_2008/,-9114266,4136462,-9057706,4193022,2305068229
727,SC_ChesterCo_2008/,-9072518,4084984,-9000208,4157294,3605860226
728,SC_ChesterfieldCo_2008/,-8968685,4064250,-8879955,4152980,4777667643
729,SC_ClarendonCo_2008/,-8965884,3948998,-8890310,4024572,4140997698
730,SC_DarlingtonCo_2008/,-8937867,4035407,-8865713,4107561,3405096282
731,SC_DillonCo_2008/,-8865747,4054531,-8802117,4118161,2501637795
732,SC_FairfieldCo_2008/,-9064959,4042776,-8991347,4116388,4304410089
733,SC_FlorenceCo_2009/,-8915762,3990965,-8828036,4078691,6899171744
734,SC_GreenwoodCo_2008/,-9170126,4022538,-9108558,4084106,3039721312
735,SC_Kershaw_2010/,-9007567,4036777,-8931751,4112593,5206425472
736,SC_LancasterCo_2008/,-9021816,4088617,-8936058,4174375,3209571444
737,SC_LaurensCo_2008/,-9165215,4054792,-9085177,4134830,4693170914
738,SC_LexingtonCo_2010/,-9081998,3981538,-9006454,4057082,5639394376
739,SC_MarionCo_2008/,-8873914,3987692,-8790996,4070610,3090357683
740,SC_MarlboroCo_2008/,-8906189,4068633,-8836897,4137925,3210047650
741,SC_NewberryCo_2008/,-9123684,4033948,-9051866,4105766,3961461111
742,SC_OconeeCo_2011/,-9290384,4090156,-9208210,4172330,6120945756
743,SC_OrangeburgCo_2008/,-9058396,3889595,-8929286,4018705,6717924619
744,SC_PickensCo_2011/,-9240835,4109030,-9173537,4176328,4005184926
745,SC_RichlandCo_2010/,-9055523,3987883,-8970901,4072505,5960585836
746,SC_SaludaCo_2010/,-9130723,3998176,-9068373,4060526,3433019147
747,SC_SavannahPeeDee_1_2019/,-9279956,4045930,-9081994,4243892,95444993533
748,SC_SavannahPeeDee_2_2019/,-9187039,3982021,-9004789,4164271,54488441653
749,SC_SavannahPeeDee_3_2019/,-9247849,3954017,-9052691,4149175,75571503149
750,SC_SavannahPeeDee_4_2019/,-9133859,3947784,-9088983,3992660,7081665307
751,SC_SavannahPeeDee_5_2019/,-9193286,3866783,-8919560,4140509,107945417351
752,SC_SavannahPeeDee_6_2019/,-9112977,3766062,-8739069,4139970,114219016657
753,SC_SavannahPeeDee_6_ReFlight_2019/,-8857942,4025041,-8839512,4043471,270514464
754,SC_SavannahPeeDee_7_2019/,-9078935,3775273,-8785439,4068769,34005384316
755,SC_UnionCo_2008/,-9120311,4088454,-9055281,4153484,3445692209
756,SC_WilliamsburgCo_2008/,-8918274,3929710,-8828126,4019858,6055825817
757,SC_YorkCo_2011/,-9076319,4124381,-8999113,4201587,6107163080
758,SD_Beadle_County_2012/,-10987900,5482736,-10892908,5577728,4306307522
759,SD_Brookings_2012/,-10788644,5494707,-10733988,5549363,1507292773
760,SD_Clark_County_2012/,-10941534,5549921,-10845794,5645661,1227132943
761,SD_Clay_County_2012/,-10824951,5267427,-10767323,5325055,1502433630
762,SD_Codington_County_2012/,-10853083,5581793,-10780593,5654283,1590951103
763,SD_Davison_County_2012/,-10953242,5388083,-10898276,5443049,2083406544
764,SD_Deuel_County_2012/,-10807569,5548655,-10737723,5618501,843973338
765,SD_EasternSD_1_2020/,-10918662,5494659,-10641626,5771695,56273553279
766,SD_EasternSD_2_2020/,-11005476,5658077,-10891452,5772101,28479549863
767,SD_EasternSD_3_2020/,-10906523,5232040,-10641417,5497146,42653365611
768,SD_Grant_County_2012/,-10823796,5643188,-10798072,5668912,265722992
769,SD_Hanson_County_2012/,-10912545,5388010,-10859311,5441244,1433793617
770,SD_Hutchinson_County_2012/,-10922877,5322495,-10842485,5402887,2266046630
771,SD_James_River_NRCS_G_2010/,-10906661,5691526,-10819105,5779082,2757212157
772,SD_James_River_NRCS_H_2010/,-10907366,5629207,-10821496,5715077,2531684485
773,SD_James_River_NRCS_I_2010/,-10839415,5496088,-10785373,5550130,1847406581
774,SD_James_River_NRCS_J_2010/,-11490100,4784944,-10147792,6127252,3381780774
775,SD_Kingsbury_County_2012/,-10894854,5494517,-10838040,5551331,1958624835
776,SD_LincolnCo_2008/,-10799759,5321561,-10732051,5389269,1930326643
777,SD_MO-River-Dewberry-B7_2016/,-11263692,5450201,-11126468,5587425,46544091132
778,SD_MO-River-Dewberry-B8_2016/,-11127120,5444366,-10986998,5584488,49611326246
779,SD_MO_River_Dewberry_B1_2016/,-11190131,5702906,-11097783,5795254,47771984064
780,SD_MO_River_Dewberry_B2_2016/,-11188936,5654795,-11097366,5746365,25512593418
781,SD_MO_River_Dewberry_B3_2016/,-11170633,5611016,-11082861,5698788,19711616985
782,SD_MO_River_Dewberry_B4_2016/,-11181646,5570269,-11082666,5669249,14486278556
783,SD_MO_River_Dewberry_B5_2016/,-11262310,5511122,-11127118,5646314,38624703848
784,SD_McCook_County_2012/,-11510187,4731500,-10167535,6074152,983611730
785,SD_Miner_County_2012/,-10893192,5440654,-10838422,5495424,2275040522
786,SD_MinnehahaCo_2008/,-10812453,5377557,-10737037,5452973,2392424702
787,SD_Moody_County_2012/,-10782099,5441835,-10728199,5495735,1145835505
788,SD_NRCS_QSI_A1_2017/,-11134496,5304910,-10965998,5473408,56889413546
789,SD_NRCS_QSI_A2_2017/,-11292666,5311572,-11108438,5495800,46479396786
790,SD_NRCS_QSI_A3_2017/,-11354831,5495785,-11162737,5687879,44270043669
791,SD_NRCS_QSI_A4_2017/,-11354793,5571772,-11160441,5766124,46000683640
792,SD_NRCS_QSI_A5_2017/,-11354883,5641102,-11166095,5829890,43877178598
793,SD_RileyPass_2012/,-11530673,5744695,-11509771,5765597,1088432449
794,SD_Roberts_County_2012/,-10838223,5667302,-10790017,5715508,388761069
795,SD_Sanborn_County_2012/,-10946809,5440697,-10891119,5496387,2473506778
796,SD_Southwest_B1_2018/,-11483686,5400455,-11339904,5544237,35625079073
797,SD_Southwest_B2_2018/,-11583422,5262814,-11396830,5449406,19490516231
798,SD_Southwest_B3_2018/,-11382394,5418373,-11221900,5578867,43116352814
799,SD_Spink_County_2012/,-15226812,1332932,-6668332,9891412,4913726565
800,SD_Turner_County_2012/,-10848680,5324442,-10784658,5388464,2195670175
801,SD_Union_County_2012/,-10802532,5233060,-10710838,5324754,1782850710
802,SD_Yankton_County_2012/,-10870308,5281840,-10814172,5337976,1821297074
803,TN_Memphis_2011/,-10030630,4163298,-9998992,4194936,1392163710
804,TN_Nashville_2011/,-9706372,4279954,-9626840,4359486,4434910461
805,TN_OSMRE-GPSC_2011/,-9428845,4307080,-9356289,4379636,3938620422
806,TN_ShelbyCo_2012/,-10057120,4148645,-9977636,4228129,4483130122
807,TN_WestTN_B1_2019/,-9980347,3972885,-9487213,4466019,54194113583
808,TN_WestTN_B2_2019/,-9923779,4282976,-9835205,4371550,12187172992
809,TN_WestTN_B3_2019/,-10039190,4182759,-9834932,4387017,63381741639
810,TX_Aransas_Refugio_2006/,-10863628,3225323,-10768814,3320137,2286519472
811,TX_Bell-Burnet-McLennan_2011/,-10951079,3570602,-10797915,3723766,25062844038
812,TX_Brazoria_2006/,-10676770,3352554,-10576612,3452712,2642424382
813,TX_Chambers_2006/,-10573968,3430023,-10503058,3500933,1998052479
814,TX_Coastal_B1_2018/,-10724395,3441405,-10528951,3636849,101720279065
815,TX_Coastal_B2_Z14_2018/,-10805626,3363674,-10635540,3533760,20138044684
816,TX_Coastal_B2_Z15_2018/,-10740387,3323997,-10528611,3535773,52551560294
817,TX_Coastal_B3_2018/,-10606582,3385561,-10424130,3568013,47752992274
818,TX_ColemanCo_2006/,-11097188,3663894,-11041494,3719588,869938358
819,TX_DesertMountains_B1_2018/,-11840047,3646968,-11686655,3800360,40224624586
820,TX_DesertMountains_B2_2018/,-11789550,3585792,-11687124,3688218,20568886028
821,TX_FayetteCo_2008/,-10834547,3447915,-10749275,3533187,3839376879
822,TX_Galveston_2006/,-10601392,3369345,-10504990,3465747,786522382
823,TX_HaysCo_2008/,-10944136,3477999,-10884912,3537223,1285258788
824,TX_Hurricane_B4_2018/,-10992641,3331838,-10818787,3505692,28797103751
825,TX_Hurricane_B5B_2018/,-10687838,3409353,-10625574,3471617,6532272630
826,TX_Hurricane_B5_2018/,-10940440,3359604,-10606434,3693610,17347031615
827,TX_Jackson_2006/,-10794365,3333806,-10718317,3409854,1393053583
828,TX_Jefferson_2006/,-10522823,3447172,-10438257,3531738,2027214629
829,TX_KimbleCo_2006/,-11118017,3549855,-11072765,3595107,2293656988
830,TX_LCRA_Thalweg_2006/,-11118991,3531015,-10906947,3743059,3118811953
831,TX_Mason_2007/,-11081973,3551839,-11001045,3632767,7262854851
832,TX_Matagorda_2006/,-10734892,3296327,-10625278,3405941,2444305426
833,TX_MenardCo_2006/,-11118067,3589051,-11072765,3634353,1973309292
834,TX_MillsCo_2006/,-11025433,3661174,-10960149,3726458,2025656299
835,TX_Orange_2006/,-10477988,3493101,-10429218,3541871,1423706716
836,TX_Pecos_Dallas_B1_2018/,-11624378,3611009,-11389212,3846175,48095963461
837,TX_Pecos_Dallas_B2a_2018/,-10986947,3727828,-10763045,3951730,26195908894
838,TX_Pecos_Dallas_B2b_2018/,-10616485,3820719,-10603795,3833409,433341616
839,TX_Pecos_Dallas_B3_2018/,-10861154,3792723,-10717812,3936065,42113131074
840,TX_San_Patricio_2006/,-10899443,3204251,-10812781,3290913,1497903095
841,TX_Victoria_2006/,-10835191,3308935,-10756713,3387413,2829859837
842,TX_WestTexas_B1_2018/,-11735626,3600442,-11572626,3763442,31511779981
843,TX_WestTexas_B2_2018/,-11314682,3069956,-10946174,3438464,33972203337
844,TX_WestTexas_B3_2018/,-11713083,3453634,-11564519,3602198,31646691057
845,TX_WestTexas_B5_2018/,-11620501,3578538,-11491859,3707180,33418722262
846,TX_WestTexas_B6_2018/,-11356366,3514297,-11210076,3660587,37194677439
847,TX_WestTexas_B7_2018/,-11660798,3371906,-11432642,3600062,64668483081
848,TX_WestTexas_B8_2018/,-11507521,3532401,-11352833,3687089,58900931236
849,TX_WestTexas_B9_2018/,-11507223,3388665,-11352847,3543041,33015736735
850,TX_WestTexas_TL_2018/,-11181754,3324535,-11178316,3327973,29690365
851,USGS_LPC_AK_Anchorage_2015_LAS_2017/,-16733422,8564711,-16557740,8740393,12327181636
852,USGS_LPC_AK_FairbanksNSB_QL1_2017_LAS_2018/,-16490563,9507344,-16378143,9619764,23802169464
853,USGS_LPC_AK_FairbanksNSB_QL2_2017_LAS_2018/,-16552161,9364817,-16188297,9728681,39127652174
854,USGS_LPC_AK_POW_P2_2018_LAS_2019/,-15037049,7327332,-14582065,7782316,57364188586
855,USGS_LPC_AK_POW_P2_TL_2018_LAS_2019/,-14967488,7360201,-14567264,7760425,7932812680
856,USGS_LPC_AK_PrinceofWalesIsland_2017_LAS_2019/,-14943341,7365829,-14678709,7630461,129482955910
857,USGS_LPC_AL_25Co_B1_2017/,-9843119,3965011,-9644269,4163861,26333693412
858,USGS_LPC_AL_25Co_B3_2017/,-9579091,3856382,-9473299,3962174,24638245316
859,USGS_LPC_AL_25Co_B4_2017/,-9676162,3704825,-9449612,3931375,40547032664
860,USGS_LPC_AL_25Co_B5_2017/,-9571931,3632240,-9431629,3772542,26129074652
861,USGS_LPC_AL_25Co_B6_2017/,-9669386,3631777,-9528224,3772939,42499493113
862,USGS_LPC_AL_25Co_B7_2017/,-9816372,3634350,-9660644,3790078,41830513746
863,USGS_LPC_AL_25Co_B8_2017/,-9828312,3531883,-9696664,3663531,18160204582
864,USGS_LPC_AL_3County_2015_LAS_2017/,-9788793,3895631,-9613285,4071139,52020633780
865,USGS_LPC_AL_ADECA_B1_2016_LAS_2019/,-9774786,3794683,-9573414,3996055,32474618738
866,USGS_LPC_AL_ADECA_B2_2016_LAS_2019/,-9778094,3734921,-9614078,3898937,27882792299
867,USGS_LPC_AL_AGIO_B1_2016_LAS_2018/,-9776574,3793704,-9573414,3996864,33989834366
868,USGS_LPC_AL_AGIO_B1_2016_LAS_2019/,-9848705,3961083,-9702429,4107359,26793681409
869,USGS_LPC_AL_AGIO_B2_2016_LAS_2018/,-9776297,3735283,-9614797,3896783,26540601392
870,USGS_LPC_AL_AGIO_B2_2016_LAS_2019/,-9890337,3803583,-9727367,3966553,31666020976
871,USGS_LPC_AL_Autauga_2010_LAS_2016/,-9676367,3800920,-9617815,3859472,5614289492
872,USGS_LPC_AL_Clay_CleburneCo_2013_LAS_2016/,-9602948,3907196,-9486004,4024140,21714861408
873,USGS_LPC_AL_Coffee_Dale_GenevaCo_2011_LAS_2016/,-9596185,3628545,-9507557,3717173,12674431480
874,USGS_LPC_AL_EscambiaCo_2013_LAS_2016/,-9754532,3596745,-9649152,3702125,10406865656
875,USGS_LPC_AL_JeffersonCo_2013_LAS_2015/,-9723440,3921406,-9630286,4014560,20010592526
876,USGS_LPC_AL_LawrenceCo_2012_LAS_2018/,-9755661,4068510,-9686107,4138064,4548706348
877,USGS_LPC_AL_MobileCo_2014_LAS_2016/,-9881523,3528882,-9751193,3659212,14940594184
878,USGS_LPC_AL_MorganCo_2012_LAS_2018/,-9697071,4064356,-9634673,4126754,7219996991
879,USGS_LPC_AL_ThreeCo_2012_LAS_2015/,-9639382,4041767,-9518090,4163059,18704375340
880,USGS_LPC_AR_Benton_Co_2015_LAS_2017/,-10534197,4296168,-10442597,4387768,9440092390
881,USGS_LPC_AR_LAnguillee_2011_LAS_2016/,-10285590,4031911,-9949742,4367759,12490640433
882,USGS_LPC_AR_LakeConwayPointRE_2014_LAS_2016/,-10380852,4132721,-10258122,4255451,25350621635
883,USGS_LPC_AR_NRCS_A1_2016_LAS_2017/,-10340759,4145399,-10305465,4180693,1426351798
884,USGS_LPC_AR_NRCS_A2_2016_LAS_2017/,-10570370,3897624,-10340776,4127218,60794191684
885,USGS_LPC_AR_NRCS_A3_2016_LAS_2017/,-10201922,4032368,-10115516,4118774,4397229152
886,USGS_LPC_AR_NRCS_A4_2016_LAS_2017/,-10315947,4125904,-10174589,4267262,29518354702
887,USGS_LPC_AR_NRCS_A5_2016_LAS_2017/,-10286939,4032189,-10032915,4286213,5554349812
888,USGS_LPC_AR_NRCS_Cache_2011_LAS_2016/,-10240976,4121890,-9978646,4384220,27272241078
889,USGS_LPC_AR_North_Corridor_B1_2017_LAS_2018/,-10468170,4248415,-10345884,4370701,50529716036
890,USGS_LPC_AR_North_Corridor_B2_2017_LAS_2018/,-10380126,4224495,-10233304,4371317,55288447419
891,USGS_LPC_AR_North_Corridor_B3_2017_LAS_2018/,-10279013,4226184,-10134063,4371134,54728166057
892,USGS_LPC_AR_Ouachita_2016_LAS_2018/,-10443439,3902378,-10149089,4196728,47821591303
893,USGS_LPC_AR_Ouachita_B1_2016_LAS_2018/,-10407421,3780018,-10133829,4053610,45339252864
894,USGS_LPC_AR_Ouachita_B2_2016_LAS_2018/,-10406710,3823210,-10135382,4094538,47107139307
895,USGS_LPC_AR_Ouachita_B3_2016_LAS_2018/,-10405993,3862238,-10127707,4140524,46512512234
896,USGS_LPC_AR_Ouachita_B5_2016_LAS_2018/,-10456888,3954550,-10171698,4239740,45890378852
897,USGS_LPC_AR_Ouachita_B6_2016_LAS_2018/,-10514768,3963999,-10171624,4307143,57842459826
898,USGS_LPC_AR_Ouachita_B7_2016_LAS_2018/,-10519054,4008852,-10013608,4514298,63406510996
899,USGS_LPC_AR_R6_JeffersonCO_2015_LAS_2016/,-10275647,4037128,-10199017,4113758,6373874501
900,USGS_LPC_AR_R6_LowerBlackwaterWS_2015_LAS_2016/,-10211649,4249179,-10065685,4395143,15376420402
901,USGS_LPC_AR_R6_WashingtonCO_2015_LAS_2016/,-10525614,4262744,-10451404,4336954,12494961107
902,USGS_LPC_AR_UpperSaline_2014_LAS_2015/,-10366577,4065451,-10266917,4165111,2654344307
903,USGS_LPC_AZ_BrawleyRillito_FEMA_2018/,-12428065,3690630,-12283475,3835220,25415672618
904,USGS_LPC_AZ_BrawleyRillito_NRCS_2018/,-12327066,3678544,-12163998,3841612,10290327648
905,USGS_LPC_AZ_CORiverBasin_L1_2014_LAS_2017/,-12859140,3743445,-12746148,3856437,7676180577
906,USGS_LPC_AZ_ColoradoRiverLot2_2014_LAS_2015/,-12862071,3737584,-12743217,3856438,7596531769
907,USGS_LPC_AZ_Fredonia_QL1_2016_LAS_2018/,-12582870,4375364,-12498522,4459712,38767672275
908,USGS_LPC_AZ_LowerColoradoRiver_2015_LAS_2016/,-12747695,3870578,-12737943,3880330,240707258
909,USGS_LPC_AZ_Safford_QL2_2016_LAS_2018/,-12262250,3827973,-12188282,3901941,7184089121
910,USGS_LPC_AZ_VerdeKaibab_B1_2018_LAS_2019/,-12615053,3839355,-12134163,4320245,118102352125
911,USGS_LPC_AZ_VerdeKaibab_B1_TL_2018_LAS_2019/,-12515004,4250375,-12431694,4333685,1488624399
912,USGS_LPC_AZ_VerdeKaibab_B2_2018_LAS_2019/,-12590438,4082811,-12430494,4242755,35728383864
913,USGS_LPC_AZ_VerdeKaibab_B2_TL_2018_LAS_2019/,-12521659,4099398,-12513587,4107470,89842544
914,USGS_LPC_AZ_WalnutGulch_2015_LAS_2017/,-12266698,3708690,-12231598,3743790,2192995780
915,USGS_LPC_CA_Central_Valley_2017_LAS_2019/,-13541166,4421726,-13289436,4673456,13997234123
916,USGS_LPC_CA_E_SanDiegoCo_2016_LAS_2017/,-13082102,3822333,-12921430,3983005,15032918017
917,USGS_LPC_CA_FEMA_R9_Alpine_2017_LAS_2018/,-13367879,4638435,-13354103,4652211,394164274
918,USGS_LPC_CA_FEMA_R9_Cow_Creek_2017_LAS_2018/,-13624851,4932633,-13582583,4974901,1368537400
919,USGS_LPC_CA_FEMA_R9_Keefer_2017_LAS_2018/,-13580695,4826011,-13556801,4849905,1535727196
920,USGS_LPC_CA_FEMA_R9_Mendocino_HF_2017_LAS_2018/,-13813647,4686458,-13684475,4815630,104549010877
921,USGS_LPC_CA_FEMA_R9_Russian_2017_LAS_2018/,-13745714,4696922,-13662972,4779664,11754878030
922,USGS_LPC_CA_FEMA_R9_Upper_Pit_2017_LAS_2019/,-13508840,4998874,-13386248,5121466,24097650006
923,USGS_LPC_CA_LakeCounty_2015_LAS_2017/,-13727616,4673564,-13595624,4805556,22111672219
924,USGS_LPC_CA_LongValleyCaldera_2017_LAS_2018/,-13235710,4516734,-13205670,4546774,1542355109
925,USGS_LPC_CA_LosAngeles_2016_LAS_2018/,-13271559,3934093,-13064831,4140821,75242414417
926,USGS_LPC_CA_NoCAL_Wildfires_B1_2018/,-13487271,4695601,-13342027,4840845,86376910091
927,USGS_LPC_CA_NoCAL_Wildfires_B2_2018/,-13686034,4680433,-13455662,4910805,49288667370
928,USGS_LPC_CA_NoCAL_Wildfires_B3_2018/,-13804917,4759547,-13650641,4913823,76331385437
929,USGS_LPC_CA_NoCAL_Wildfires_B4_2018/,-13851443,4666676,-13527705,4990414,61750406838
930,USGS_LPC_CA_NoCAL_Wildfires_B5a_2018/,-13614720,4588120,-13446840,4756000,24215058797
931,USGS_LPC_CA_NoCAL_Wildfires_B5b_2018/,-13680086,4540903,-13532850,4688139,28725854623
932,USGS_LPC_CA_NoCAL_Wildfires_PlumasNF_B1_2018/,-13577156,4832162,-13446762,4962556,97110771541
933,USGS_LPC_CA_NoCAL_Wildfires_PlumasNF_B2_2018/,-13539773,4733936,-13366793,4906916,120740751892
934,USGS_LPC_CA_NoCal_Wildfires_B5b_QL1_2018/,-13698000,4552006,-13624634,4625372,29456021431
935,USGS_LPC_CA_NoCal_Wildfires_CampFire_2018/,-13557754,4804035,-13507528,4854261,25167769879
936,USGS_LPC_CA_NoCal_Wildfires_GMEG_2018/,-13571717,5011828,-13501627,5081918,8191836404
937,USGS_LPC_CA_Riverside_B1_2019/,-12856319,3934029,-12749081,4041267,30534042986
938,USGS_LPC_CA_Riverside_B2_2019/,-12885041,3924277,-12771873,4037445,66718569988
939,USGS_LPC_CA_SanBernardinoCo_AreaA_2013_LAS_2018/,-13114288,3990102,-13009952,4094438,17396921024
940,USGS_LPC_CA_SanBernardinoCo_AreaB_2013_LAS_2018/,-13087408,4068636,-13002302,4153742,12105581644
941,USGS_LPC_CA_SanDiegoQL1_2014_LAS_2016/,-13042789,3833370,-13025353,3850806,850567735
942,USGS_LPC_CA_SanDiego_2015_C17_1/,-13058061,3836206,-12941441,3952826,30127262561
943,USGS_LPC_CA_SoCAL_Wildfires_TL_2018_LAS_2019/,-13370016,3892987,-12974846,4288157,777061360
944,USGS_LPC_CA_SoCal_Wildfires_B1_2018_LAS_2019/,-13148596,3926793,-12974184,4101205,47333778602
945,USGS_LPC_CA_SoCal_Wildfires_B2_2018_LAS_2019/,-13233173,4077117,-13077519,4232771,27637906073
946,USGS_LPC_CA_SoCal_Wildfires_B3_2018_LAS_2019/,-13406174,4016300,-13205348,4217126,43942062109
947,USGS_LPC_CA_SoCal_Wildfires_B4_2018_LAS_2019/,-13431719,4039271,-13293173,4177817,79507584956
948,USGS_LPC_CA_Sonoma_2013_LAS_2017/,-13768643,4665665,-13678065,4756243,12952240909
949,USGS_LPC_CA_Sonoma_A2_2013_LAS_2017/,-13694917,4649289,-13640883,4703323,15920915668
950,USGS_LPC_CA_Sonoma_A3_2013_LAS_2017/,-13734160,4616180,-13679366,4670974,11420298683
951,USGS_LPC_CA_Sonoma_A4_2013_LAS_2017/,-13679658,4593158,-13619456,4653360,19747134509
952,USGS_LPC_CA_WestCoastElNinoUTM10_2016_LAS_2017/,-14663870,4087909,-12578950,6172829,34390196929
953,USGS_LPC_CA_WestCoastElNinoUTM11_2016_LAS_2017/,-13359455,3801055,-13037597,4122913,4818204246
954,USGS_LPC_CO_Central_Western_2016_LAS_2018/,-12139623,4565308,-11650815,5054116,103666428406
955,USGS_LPC_CO_MesaCo_QL1_2016_LAS_2017/,-12009205,4744513,-12002469,4751249,379784150
956,USGS_LPC_CO_MesaCo_QL2_2015_LAS_2017/,-12142805,4650125,-12018435,4774495,44086717379
957,USGS_LPC_CO_MesaCo_QL2_UTM13_2015_LAS_2017/,-12025607,4714250,-11953307,4786550,11161587330
958,USGS_LPC_CO_SanJuan_NF_2017_LAS_2018/,-12009979,4528690,-11963429,4575240,15573041836
959,USGS_LPC_CO_SoPlatteRiver_Lot1_2013_LAS_2015/,-11606717,4836702,-11370859,5072560,10999767953
960,USGS_LPC_CO_SoPlatteRiver_Lot2a_2013_LAS_2015/,-11752747,4861296,-11606545,5007498,30661437103
961,USGS_LPC_CO_SoPlatteRiver_Lot5_2013_LAS_2015/,-11752672,4740364,-11610700,4882336,33711288742
962,USGS_LPC_CO_SoPlatte_Lot3_2013_LAS_2015/,-11791030,4905397,-11707834,4988593,2042487702
963,USGS_LPC_CT_River_Lot6_Winnipesaulee_2015_LAS_2017/,-8190083,5266723,-7784893,5671913,97194025751
964,USGS_LPC_CT_Sandy_2014_LAS_2015/,-8190092,5031056,-8042452,5178696,42453251467
965,USGS_LPC_CT_Statewide_B8_2016/,-8080487,5086898,-8000377,5167008,8750390445
966,USGS_LPC_DE_DelawareValleyHD_5A_2015_LAS_2017/,-8417947,4830959,-8369167,4879739,1968248305
967,USGS_LPC_DE_DelawareValley_HD_2015_LAS_2017/,-8434364,4793852,-8273204,4955012,41424477999
968,USGS_LPC_DE_Snds_2013_LAS_2015/,-8554180,4594221,-8304526,4843875,38730330437
969,USGS_LPC_FL_LeonCo_2018_LAS_2019/,-9430673,3523579,-9347605,3606647,55585107092
970,USGS_LPC_FL_Lower_Choctawhatchee_2017_LAS_2019/,-11445234,1641247,-7636576,5449905,63409323111
971,USGS_LPC_FL_Lower_Choctawhatchee_TL_2017_LAS_2019/,-9578698,3628928,-9571684,3635942,58545717
972,USGS_LPC_FL_MartinCo_2015_LAS_2017/,-8983480,3099285,-8914392,3168373,11621793801
973,USGS_LPC_FL_PalmBeachCo_2016_LAS_2019/,-9004532,3031233,-8908434,3127331,75584292255
974,USGS_LPC_FL_Panhandle_B1_2018_LAS_2019/,-9687611,3335969,-9267705,3755875,53560158912
975,USGS_LPC_FL_Panhandle_B2_2018_LAS_2019/,-9516016,3506828,-9379786,3643058,114970478417
976,USGS_LPC_FL_Panhandle_B3_2018_LAS_2019/,-9487814,3433264,-9313528,3607550,88530657855
977,USGS_LPC_FL_PeaceRiver_2014_LAS_2018/,-9174362,3125473,-9057006,3242829,10843585796
978,USGS_LPC_FL_Southeast_B1_2018_LAS_2019/,-8945412,2994469,-8898822,3041059,7102582806
979,USGS_LPC_FL_Southeast_B2_2018_LAS_2019/,-9030536,2953167,-8924250,3059453,65500983767
980,USGS_LPC_FL_Southeast_TL_2018_LAS_2019/,-9004966,2965670,-8926458,3044178,7610457724
981,USGS_LPC_FL_Southwest_A_2018_LAS_2019/,-9160246,3028353,-9076578,3112021,43739555864
982,USGS_LPC_FL_Southwest_B_2018_LAS_2019/,-9123729,2977000,-9036205,3064524,72696720256
983,USGS_LPC_FL_Southwest_B_TL_2018_LAS_2019/,-9064413,3047236,-9060539,3051110,174474637
984,USGS_LPC_FL_SuwanneeRiver_2017_LAS_2018/,-9277096,3372569,-9069124,3580541,28779081909
985,USGS_LPC_FL_Suwannee_NCentral_2014_LAS_2016/,-9303619,3451907,-9234273,3521253,9354427412
986,USGS_LPC_FL_Upper_Saint_Johns_2017_LAS_2019/,-9057515,3258388,-8951203,3364700,77000772358
987,USGS_LPC_GA_Georgia_A1_2016_LAS_2018/,-9523395,3584770,-9184079,3924086,93476094866
988,USGS_LPC_GA_Georgia_A2_2016_LAS_2018/,-9167315,3842061,-9074313,3935063,21454775427
989,USGS_LPC_GA_Georgia_A3_2016_LAS_2018/,-9443284,3678208,-9394942,3726550,5271760204
990,USGS_LPC_HI_Oahu_2012_LAS_2015/,-17621311,2414210,-17548967,2486554,3590653630
991,USGS_LPC_ID_Clearwater_d1_2010_LAS_2015/,-12900260,5805517,-12789402,5916375,1067605606
992,USGS_LPC_ID_EmeraldCreek_2004_LAS_2016/,-12964406,5931544,-12940124,5955826,150278393
993,USGS_LPC_ID_FEMAHQ_2018_LAS_2019/,-13020879,5315577,-12760829,5575627,91488261226
994,USGS_LPC_ID_JackWaite_2007_LAS_2016/,-12905944,6040164,-12881314,6064794,343737208
995,USGS_LPC_ID_MoscowMountain_2003_LAS_2015/,-13027328,5891242,-12981906,5936664,113190435
996,USGS_LPC_ID_NezPerce_QL1_2016_LAS_2019/,-13098219,5638239,-12806845,5929613,41818547062
997,USGS_LPC_ID_NezPerce_QL2_2016_LAS_2019/,-13073321,5725434,-12846623,5952132,49445795010
